id,age,job,marital,education,default,balance,housing,loan,contact,day,month,duration,campaign,pdays,previous,poutcome
750000,32,blue-collar,married,secondary,no,1397,yes,no,unknown,21,may,224,1,-1,0,unknown
750001,44,management,married,tertiary,no,23,yes,no,cellular,3,apr,586,2,-1,0,unknown
750002,36,self-employed,married,primary,no,46,yes,yes,cellular,13,may,111,2,-1,0,unknown
750003,58,blue-collar,married,secondary,no,-1380,yes,yes,unknown,29,may,125,1,-1,0,unknown
750004,28,technician,single,secondary,no,1950,yes,no,cellular,22,jul,181,1,-1,0,unknown
750005,43,management,divorced,unknown,no,3025,no,no,cellular,21,jul,89,2,-1,0,unknown
750006,26,services,single,primary,no,3511,no,no,cellular,29,jan,816,3,-1,0,unknown
750007,60,management,married,tertiary,no,79,no,yes,cellular,9,jul,707,1,-1,0,unknown
750008,45,blue-collar,married,primary,no,16,no,no,telephone,6,feb,173,1,-1,0,unknown
750009,41,management,married,tertiary,no,46,no,no,cellular,18,aug,657,4,-1,0,unknown
750010,32,services,single,secondary,no,0,yes,no,telephone,9,jul,51,1,-1,0,unknown
750011,30,technician,divorced,secondary,no,839,no,no,cellular,18,nov,166,3,113,3,other
750012,40,blue-collar,married,secondary,no,765,yes,yes,unknown,21,may,956,1,-1,0,unknown
750013,52,technician,divorced,secondary,no,-1,no,yes,cellular,8,jul,121,2,-1,0,unknown
750014,51,retired,married,primary,no,2226,yes,no,unknown,14,may,651,1,-1,0,unknown
750015,51,self-employed,married,tertiary,no,1173,yes,no,cellular,21,nov,484,2,-1,0,unknown
750016,36,technician,single,secondary,no,-330,yes,no,unknown,27,may,88,2,-1,0,unknown
750017,31,blue-collar,married,secondary,no,730,no,no,cellular,5,feb,135,1,-1,0,unknown
750018,31,management,single,tertiary,no,151,yes,no,cellular,22,jul,612,3,-1,0,unknown
750019,46,entrepreneur,married,tertiary,no,313,yes,no,cellular,15,jul,538,3,-1,0,unknown
750020,30,admin.,married,secondary,no,5132,yes,no,cellular,20,nov,536,2,184,1,failure
750021,59,retired,married,secondary,no,651,no,no,cellular,2,feb,467,1,-1,0,unknown
750022,56,technician,married,secondary,no,778,no,no,unknown,19,jun,75,1,-1,0,unknown
750023,54,self-employed,married,tertiary,no,0,no,no,cellular,5,may,76,2,-1,0,unknown
750024,32,blue-collar,married,secondary,no,-143,yes,no,unknown,13,may,233,1,-1,0,unknown
750025,37,admin.,married,secondary,no,877,yes,yes,unknown,8,may,125,1,-1,0,unknown
750026,30,blue-collar,married,secondary,no,362,yes,no,unknown,20,may,1156,1,-1,0,unknown
750027,33,entrepreneur,single,primary,no,0,yes,no,unknown,8,may,144,2,-1,0,unknown
750028,44,self-employed,divorced,secondary,no,4519,yes,no,cellular,20,nov,638,1,-1,0,unknown
750029,32,housemaid,married,secondary,no,3733,no,no,cellular,13,sep,272,4,186,1,success
750030,36,management,married,tertiary,no,1780,no,no,cellular,11,aug,489,2,-1,0,unknown
750031,36,blue-collar,single,primary,no,0,no,no,unknown,12,jun,39,8,-1,0,unknown
750032,31,blue-collar,single,secondary,no,-291,yes,no,cellular,15,may,135,1,368,4,failure
750033,32,management,single,tertiary,no,0,yes,no,cellular,15,may,166,3,-1,0,unknown
750034,31,management,single,tertiary,no,1177,no,no,cellular,26,may,696,3,-1,0,unknown
750035,46,entrepreneur,married,tertiary,no,5037,yes,no,cellular,20,nov,73,2,198,4,failure
750036,43,management,divorced,tertiary,no,0,no,no,cellular,29,aug,85,2,-1,0,unknown
750037,32,technician,single,secondary,no,667,yes,no,unknown,20,may,8,1,-1,0,unknown
750038,36,services,divorced,secondary,no,584,yes,no,cellular,11,may,151,2,-1,0,unknown
750039,29,blue-collar,married,secondary,no,5,yes,no,unknown,9,may,245,1,-1,0,unknown
750040,37,blue-collar,single,secondary,no,25,no,no,cellular,15,jul,574,3,-1,0,unknown
750041,31,blue-collar,married,secondary,no,-220,yes,no,cellular,20,apr,203,1,346,3,failure
750042,43,services,married,secondary,no,641,yes,no,cellular,14,may,30,6,358,9,other
750043,49,blue-collar,married,primary,no,0,no,no,cellular,12,aug,123,2,-1,0,unknown
750044,46,management,married,tertiary,no,-269,yes,no,cellular,17,apr,544,3,268,3,failure
750045,48,blue-collar,married,secondary,no,1035,yes,no,telephone,8,may,604,5,-1,0,unknown
750046,31,unemployed,married,secondary,no,963,yes,no,unknown,2,jun,168,2,-1,0,unknown
750047,31,management,single,tertiary,no,0,no,no,cellular,27,aug,49,3,-1,0,unknown
750048,69,retired,divorced,secondary,no,4189,no,no,cellular,16,sep,618,1,-1,0,unknown
750049,33,management,divorced,primary,no,3953,yes,no,cellular,20,apr,505,1,-1,0,unknown
750050,34,blue-collar,married,primary,no,649,yes,no,unknown,20,may,161,2,-1,0,unknown
750051,46,management,married,tertiary,no,578,yes,no,unknown,6,jun,157,1,-1,0,unknown
750052,41,housemaid,married,primary,no,1794,no,no,cellular,2,feb,1060,2,-1,0,unknown
750053,30,services,single,secondary,no,687,yes,no,cellular,18,may,199,1,-1,0,unknown
750054,36,management,single,tertiary,no,633,yes,no,cellular,6,feb,84,3,227,2,failure
750055,44,technician,married,secondary,no,-158,yes,no,unknown,26,may,126,8,-1,0,unknown
750056,26,student,single,secondary,no,522,no,no,cellular,4,jun,90,1,-1,0,unknown
750057,35,admin.,divorced,secondary,no,-566,yes,no,unknown,7,may,159,1,-1,0,unknown
750058,34,services,married,secondary,no,-32,yes,no,unknown,8,may,149,2,-1,0,unknown
750059,44,technician,married,secondary,no,691,yes,yes,cellular,28,aug,243,12,-1,0,unknown
750060,37,management,divorced,tertiary,no,223,no,yes,cellular,25,jul,636,2,-1,0,unknown
750061,40,blue-collar,divorced,secondary,no,-333,yes,no,unknown,5,may,183,3,-1,0,unknown
750062,33,technician,married,tertiary,no,940,no,no,cellular,25,aug,82,6,-1,0,unknown
750063,49,admin.,married,primary,no,4459,yes,no,cellular,15,apr,536,2,-1,0,unknown
750064,37,admin.,married,secondary,no,673,yes,no,cellular,30,jul,129,6,-1,0,unknown
750065,32,management,married,tertiary,no,714,yes,yes,unknown,23,may,211,2,-1,0,unknown
750066,36,management,married,tertiary,no,694,yes,no,unknown,3,jun,117,2,-1,0,unknown
750067,37,management,married,tertiary,no,1167,yes,no,cellular,12,aug,182,2,90,2,other
750068,51,unknown,married,unknown,no,0,no,no,cellular,18,aug,90,8,-1,0,unknown
750069,41,blue-collar,married,primary,no,476,yes,no,unknown,13,may,159,1,-1,0,unknown
750070,33,entrepreneur,married,tertiary,no,159,yes,no,cellular,20,nov,128,1,-1,0,unknown
750071,53,technician,married,secondary,no,697,no,no,telephone,13,nov,396,2,92,1,success
750072,55,blue-collar,married,primary,no,0,no,no,unknown,12,jun,144,1,-1,0,unknown
750073,46,technician,married,primary,no,4656,no,no,cellular,21,nov,582,1,-1,0,unknown
750074,44,technician,married,tertiary,no,1818,yes,no,unknown,4,jun,88,6,-1,0,unknown
750075,33,blue-collar,married,primary,no,2,yes,no,cellular,24,jul,121,11,-1,0,unknown
750076,49,services,married,secondary,no,603,yes,yes,cellular,14,may,133,1,-1,0,unknown
750077,32,technician,married,tertiary,no,1802,yes,no,cellular,12,aug,74,2,-1,0,unknown
750078,49,management,married,primary,no,588,yes,no,cellular,29,jan,76,2,169,2,failure
750079,28,services,single,secondary,no,12,yes,no,unknown,7,may,245,1,-1,0,unknown
750080,57,retired,married,primary,no,597,yes,no,cellular,13,may,168,2,350,3,failure
750081,34,technician,married,secondary,no,0,yes,yes,cellular,10,feb,92,1,181,16,success
750082,26,admin.,single,secondary,no,276,yes,no,unknown,27,may,519,1,-1,0,unknown
750083,57,technician,married,secondary,no,3,no,no,cellular,28,aug,109,17,-1,0,unknown
750084,47,entrepreneur,married,tertiary,no,879,yes,no,cellular,23,jul,127,2,-1,0,unknown
750085,44,unemployed,married,tertiary,no,3,yes,no,cellular,20,nov,81,5,-1,0,unknown
750086,56,blue-collar,married,primary,no,-24,yes,no,cellular,7,may,305,1,-1,0,unknown
750087,35,management,single,tertiary,no,59,yes,no,cellular,23,jul,912,2,-1,0,unknown
750088,42,management,married,tertiary,no,4016,yes,no,unknown,5,may,673,2,-1,0,unknown
750089,41,technician,married,tertiary,no,659,no,no,cellular,30,jul,458,3,-1,0,unknown
750090,40,blue-collar,married,primary,no,949,yes,no,unknown,26,may,220,2,-1,0,unknown
750091,49,blue-collar,married,secondary,no,1389,no,no,unknown,16,jun,491,1,-1,0,unknown
750092,33,management,married,secondary,no,-50,yes,no,cellular,15,may,239,2,359,2,failure
750093,49,admin.,married,secondary,no,1731,yes,no,cellular,17,apr,157,1,-1,0,unknown
750094,55,admin.,divorced,secondary,no,2626,no,no,cellular,13,oct,122,2,105,1,success
750095,29,management,single,tertiary,no,2909,no,no,cellular,2,jun,250,1,-1,0,unknown
750096,59,retired,married,unknown,no,1849,yes,no,unknown,5,may,92,2,-1,0,unknown
750097,58,retired,married,secondary,no,0,no,no,cellular,4,aug,136,1,-1,0,unknown
750098,35,technician,married,secondary,no,0,yes,no,cellular,25,jul,141,4,-1,0,unknown
750099,56,unemployed,divorced,secondary,no,722,no,no,unknown,5,jun,92,2,-1,0,unknown
750100,59,management,married,tertiary,no,3165,yes,no,cellular,29,jan,131,1,-1,0,unknown
750101,30,technician,married,secondary,no,931,yes,no,unknown,21,may,692,5,-1,0,unknown
750102,35,technician,single,secondary,no,16,yes,no,unknown,6,jun,85,3,-1,0,unknown
750103,52,technician,divorced,secondary,no,-813,yes,no,unknown,19,jun,153,1,-1,0,unknown
750104,38,technician,married,tertiary,no,-3,no,no,unknown,6,may,140,1,-1,0,unknown
750105,55,management,married,secondary,no,2858,yes,yes,cellular,12,aug,111,4,-1,0,unknown
750106,41,management,divorced,tertiary,no,-478,yes,no,cellular,20,nov,110,4,-1,0,unknown
750107,35,services,married,secondary,no,-196,yes,yes,unknown,26,may,166,1,-1,0,unknown
750108,43,technician,single,tertiary,no,677,no,no,cellular,22,jun,165,2,94,3,success
750109,31,blue-collar,married,secondary,no,1138,yes,yes,unknown,23,may,206,1,-1,0,unknown
750110,57,technician,married,secondary,no,594,yes,no,cellular,2,feb,109,1,-1,0,unknown
750111,30,unemployed,single,secondary,no,1309,no,no,cellular,4,feb,449,2,-1,0,unknown
750112,50,technician,married,secondary,no,2146,yes,no,cellular,14,aug,75,8,-1,0,unknown
750113,47,services,married,secondary,no,0,no,no,unknown,9,jun,57,1,-1,0,unknown
750114,57,management,married,secondary,no,1646,yes,no,cellular,7,may,686,1,-1,0,unknown
750115,46,housemaid,married,primary,no,0,no,no,cellular,27,aug,181,4,-1,0,unknown
750116,47,technician,divorced,secondary,no,4568,no,no,unknown,17,jun,135,4,-1,0,unknown
750117,55,blue-collar,married,primary,no,1802,yes,no,cellular,3,feb,473,1,-1,0,unknown
750118,32,technician,single,tertiary,no,1017,yes,no,unknown,19,jun,61,1,-1,0,unknown
750119,72,retired,married,tertiary,no,0,no,no,telephone,27,oct,195,1,-1,0,unknown
750120,38,entrepreneur,married,tertiary,no,1275,no,no,cellular,19,nov,524,3,-1,0,unknown
750121,47,blue-collar,married,secondary,no,0,no,no,cellular,19,aug,92,4,-1,0,unknown
750122,52,blue-collar,married,secondary,no,830,no,no,cellular,10,jul,462,1,-1,0,unknown
750123,51,blue-collar,married,primary,no,0,yes,no,telephone,31,jul,35,7,-1,0,unknown
750124,29,admin.,single,secondary,no,511,no,no,cellular,29,jan,92,1,-1,0,unknown
750125,31,management,single,tertiary,no,926,no,no,cellular,28,jan,102,2,191,2,other
750126,35,management,single,tertiary,no,0,no,no,cellular,18,aug,72,6,-1,0,unknown
750127,37,admin.,married,secondary,no,751,no,yes,cellular,18,nov,535,1,-1,0,unknown
750128,37,admin.,married,secondary,no,1579,yes,no,unknown,3,jun,119,1,-1,0,unknown
750129,62,retired,divorced,secondary,no,0,no,no,cellular,25,oct,145,1,-1,0,unknown
750130,32,admin.,married,secondary,yes,-435,yes,no,cellular,5,may,393,1,-1,0,unknown
750131,35,admin.,married,secondary,no,3813,no,no,cellular,19,aug,140,11,-1,0,unknown
750132,44,blue-collar,married,secondary,no,0,yes,no,unknown,12,may,77,3,-1,0,unknown
750133,47,blue-collar,married,secondary,no,519,yes,yes,unknown,16,may,119,1,-1,0,unknown
750134,68,management,married,tertiary,no,2820,no,no,cellular,3,jul,107,2,-1,0,unknown
750135,38,blue-collar,single,primary,no,492,yes,no,cellular,8,may,1347,6,367,3,other
750136,30,technician,single,secondary,no,0,no,no,cellular,28,aug,210,6,-1,0,unknown
750137,48,technician,married,secondary,no,5,no,no,cellular,18,aug,71,8,-1,0,unknown
750138,44,management,married,tertiary,no,2661,yes,no,unknown,29,may,302,16,-1,0,unknown
750139,31,technician,single,tertiary,no,703,yes,no,unknown,5,may,122,2,-1,0,unknown
750140,46,entrepreneur,married,tertiary,no,3944,no,yes,unknown,20,jun,73,9,-1,0,unknown
750141,41,retired,married,secondary,no,1734,yes,no,unknown,7,may,128,1,-1,0,unknown
750142,32,student,single,tertiary,no,11494,yes,no,cellular,18,nov,539,1,-1,0,unknown
750143,33,management,married,tertiary,no,1206,yes,yes,cellular,15,may,8,5,-1,0,unknown
750144,27,student,single,secondary,no,611,no,no,telephone,4,may,137,1,-1,0,unknown
750145,40,management,married,tertiary,no,0,no,no,cellular,20,aug,122,3,-1,0,unknown
750146,33,management,married,tertiary,no,2147,no,no,cellular,27,may,130,1,-1,0,unknown
750147,31,services,single,primary,no,5,no,yes,cellular,19,nov,110,4,-1,0,unknown
750148,31,technician,single,secondary,no,674,yes,no,cellular,17,apr,74,1,-1,0,unknown
750149,31,management,single,secondary,no,648,no,no,cellular,24,jul,242,4,-1,0,unknown
750150,60,admin.,married,secondary,no,1085,no,no,cellular,19,aug,116,5,-1,0,unknown
750151,21,student,single,secondary,no,682,no,no,cellular,30,apr,225,1,181,7,success
750152,43,blue-collar,single,secondary,no,3495,yes,yes,cellular,21,nov,102,3,-1,0,unknown
750153,27,services,single,secondary,no,459,no,yes,cellular,5,feb,434,1,-1,0,unknown
750154,32,services,married,secondary,no,1872,yes,no,cellular,16,nov,176,2,95,1,failure
750155,33,management,single,tertiary,no,1637,no,no,cellular,5,jun,467,1,-1,0,unknown
750156,26,blue-collar,single,secondary,no,-8019,yes,yes,unknown,26,may,287,4,-1,0,unknown
750157,29,self-employed,married,secondary,no,4,yes,no,cellular,22,jul,49,2,-1,0,unknown
750158,39,technician,divorced,secondary,no,463,yes,yes,unknown,20,jun,5,5,-1,0,unknown
750159,34,services,single,secondary,no,-94,yes,no,cellular,18,jul,391,1,-1,0,unknown
750160,57,retired,married,primary,no,1480,no,no,cellular,8,jul,149,1,-1,0,unknown
750161,51,blue-collar,married,primary,no,5293,yes,no,telephone,17,nov,67,2,127,2,failure
750162,34,technician,single,secondary,no,2443,yes,yes,unknown,20,may,103,1,-1,0,unknown
750163,41,blue-collar,married,secondary,no,5131,yes,no,unknown,29,may,652,2,-1,0,unknown
750164,32,services,divorced,secondary,no,1293,no,no,cellular,18,nov,485,2,182,1,failure
750165,34,management,married,tertiary,no,576,yes,no,cellular,8,may,144,1,-1,0,unknown
750166,39,blue-collar,single,primary,no,1028,yes,no,cellular,17,apr,474,2,338,1,failure
750167,40,technician,single,unknown,no,-532,yes,no,unknown,7,may,133,3,-1,0,unknown
750168,38,entrepreneur,divorced,secondary,no,386,no,yes,cellular,20,nov,441,2,-1,0,unknown
750169,36,technician,single,tertiary,no,0,no,no,cellular,29,aug,90,3,-1,0,unknown
750170,46,technician,married,secondary,no,3615,yes,no,cellular,5,aug,85,5,-1,0,unknown
750171,68,retired,married,tertiary,no,1341,no,no,cellular,13,nov,616,1,-1,0,unknown
750172,45,management,married,secondary,no,26,no,yes,cellular,24,jul,108,1,-1,0,unknown
750173,49,admin.,single,secondary,no,2957,yes,yes,cellular,19,nov,1011,3,-1,0,unknown
750174,72,retired,married,primary,no,1536,no,no,telephone,16,mar,623,2,-1,0,unknown
750175,47,unknown,married,unknown,no,0,no,no,cellular,5,jun,139,1,-1,0,unknown
750176,29,admin.,married,secondary,no,0,yes,no,unknown,10,jun,56,1,-1,0,unknown
750177,45,self-employed,married,secondary,no,509,no,no,unknown,9,jun,489,1,-1,0,unknown
750178,35,retired,married,tertiary,no,694,no,no,unknown,9,jun,67,2,-1,0,unknown
750179,49,management,married,tertiary,no,5887,yes,no,cellular,2,jun,252,3,-1,0,unknown
750180,29,management,single,secondary,no,572,no,no,cellular,2,feb,924,1,-1,0,unknown
750181,27,services,single,secondary,no,-230,yes,no,cellular,21,jul,246,1,-1,0,unknown
750182,28,management,married,tertiary,no,7,yes,no,cellular,8,jul,130,1,-1,0,unknown
750183,54,technician,divorced,tertiary,no,705,yes,no,cellular,2,feb,110,1,245,2,failure
750184,55,technician,married,secondary,no,676,yes,yes,cellular,19,nov,77,1,-1,0,unknown
750185,44,management,single,tertiary,no,3649,yes,no,unknown,2,jun,109,2,-1,0,unknown
750186,31,self-employed,married,tertiary,no,2666,yes,no,cellular,14,jul,467,1,-1,0,unknown
750187,52,services,married,secondary,no,-32,yes,no,cellular,9,jul,151,1,-1,0,unknown
750188,34,admin.,married,secondary,no,1661,yes,no,cellular,29,jul,50,4,-1,0,unknown
750189,37,management,married,tertiary,no,0,yes,no,cellular,17,nov,117,3,-1,0,unknown
750190,30,self-employed,married,tertiary,no,35,no,no,cellular,20,apr,467,1,-1,0,unknown
750191,30,technician,single,secondary,no,-542,no,no,cellular,8,jul,91,2,-1,0,unknown
750192,32,blue-collar,married,secondary,no,-667,yes,no,cellular,18,may,116,7,349,2,failure
750193,31,management,single,tertiary,no,1320,yes,no,cellular,19,aug,98,2,-1,0,unknown
750194,47,blue-collar,married,primary,no,706,no,no,cellular,20,aug,157,4,-1,0,unknown
750195,47,services,married,secondary,no,0,no,no,unknown,5,may,124,1,-1,0,unknown
750196,73,retired,married,secondary,no,9160,no,no,telephone,13,oct,676,3,183,11,success
750197,34,admin.,single,secondary,no,711,yes,no,cellular,15,may,121,3,-1,0,unknown
750198,55,management,married,tertiary,yes,43,no,no,cellular,28,aug,484,21,-1,0,unknown
750199,51,management,divorced,tertiary,no,10171,no,no,cellular,18,mar,104,3,-1,0,unknown
750200,28,admin.,single,secondary,no,597,yes,no,cellular,5,may,159,1,-1,0,unknown
750201,39,admin.,married,secondary,no,0,no,no,unknown,21,may,111,2,-1,0,unknown
750202,33,management,single,tertiary,no,0,no,no,cellular,2,feb,110,1,-1,0,unknown
750203,34,management,married,tertiary,no,6563,no,no,cellular,12,aug,113,4,-1,0,unknown
750204,31,services,married,secondary,no,2686,yes,yes,cellular,24,jul,1462,2,-1,0,unknown
750205,34,blue-collar,married,secondary,no,43,yes,no,unknown,2,jun,97,2,-1,0,unknown
750206,43,technician,divorced,secondary,no,692,no,no,unknown,13,may,133,1,-1,0,unknown
750207,50,admin.,married,secondary,no,-2,no,no,unknown,5,may,114,1,-1,0,unknown
750208,55,services,married,primary,no,2225,yes,no,unknown,30,may,65,2,-1,0,unknown
750209,35,admin.,single,secondary,no,2144,yes,no,unknown,29,may,146,1,-1,0,unknown
750210,32,blue-collar,married,unknown,no,0,yes,no,cellular,10,jul,100,1,-1,0,unknown
750211,32,management,married,tertiary,no,0,no,no,cellular,18,aug,80,4,-1,0,unknown
750212,35,admin.,single,primary,no,764,yes,yes,unknown,13,may,125,1,-1,0,unknown
750213,34,unemployed,divorced,secondary,no,3837,yes,no,cellular,20,nov,71,1,-1,0,unknown
750214,59,retired,married,secondary,no,0,no,no,cellular,12,aug,64,2,-1,0,unknown
750215,45,blue-collar,married,secondary,no,13,no,no,telephone,5,jun,121,1,-1,0,unknown
750216,43,blue-collar,single,primary,no,548,yes,no,unknown,8,may,154,3,-1,0,unknown
750217,26,blue-collar,single,secondary,no,-8019,yes,yes,cellular,31,jul,10,28,-1,0,unknown
750218,49,management,married,tertiary,no,2126,no,no,cellular,7,aug,123,1,-1,0,unknown
750219,58,management,married,tertiary,no,256,no,no,cellular,18,dec,638,3,188,4,success
750220,28,student,single,secondary,no,3773,no,no,cellular,30,jun,267,1,-1,0,unknown
750221,51,entrepreneur,married,secondary,no,0,no,no,cellular,12,aug,122,2,-1,0,unknown
750222,59,housemaid,married,secondary,no,0,no,no,unknown,19,jun,133,1,-1,0,unknown
750223,34,management,married,tertiary,no,631,yes,no,cellular,22,jul,1407,2,-1,0,unknown
750224,38,technician,married,tertiary,no,1455,yes,no,unknown,21,may,280,1,-1,0,unknown
750225,25,services,single,secondary,no,1,no,no,cellular,14,may,80,2,-1,0,unknown
750226,35,management,single,tertiary,no,994,no,no,cellular,14,aug,105,2,-1,0,unknown
750227,57,services,married,primary,no,-79,yes,yes,telephone,14,may,8,6,-1,0,unknown
750228,33,management,single,tertiary,no,0,yes,no,cellular,18,nov,199,1,-1,0,unknown
750229,35,technician,married,secondary,no,351,yes,no,cellular,11,jul,918,2,-1,0,unknown
750230,36,management,married,tertiary,no,7003,no,no,telephone,14,nov,592,2,-1,0,unknown
750231,44,blue-collar,married,secondary,no,20,yes,no,cellular,20,apr,544,3,154,7,failure
750232,32,blue-collar,single,secondary,no,-177,yes,no,cellular,6,may,87,1,345,8,other
750233,32,admin.,single,secondary,no,-32,no,yes,cellular,8,jul,129,1,-1,0,unknown
750234,23,student,single,secondary,no,1686,no,no,cellular,9,sep,143,2,-1,0,unknown
750235,41,technician,single,secondary,no,524,yes,no,cellular,17,jul,545,1,-1,0,unknown
750236,41,self-employed,married,secondary,no,942,yes,no,cellular,18,aug,91,2,-1,0,unknown
750237,47,entrepreneur,married,tertiary,no,862,no,no,cellular,21,jul,1052,4,-1,0,unknown
750238,52,admin.,married,secondary,no,1849,no,no,cellular,26,aug,478,5,-1,0,unknown
750239,39,management,single,tertiary,no,3679,no,no,cellular,10,nov,667,1,-1,0,unknown
750240,70,retired,married,secondary,no,0,no,no,cellular,22,oct,512,1,148,1,failure
750241,59,retired,single,secondary,no,518,yes,no,unknown,13,may,918,1,-1,0,unknown
750242,38,unemployed,single,secondary,no,0,no,no,cellular,22,aug,108,2,-1,0,unknown
750243,47,management,married,primary,no,5735,yes,no,unknown,29,may,108,2,-1,0,unknown
750244,43,technician,married,secondary,no,9,yes,no,cellular,5,feb,170,1,-1,0,unknown
750245,32,blue-collar,married,secondary,no,1230,yes,no,cellular,5,feb,76,2,253,1,success
750246,30,admin.,single,secondary,no,636,no,no,cellular,23,jul,125,5,-1,0,unknown
750247,32,technician,single,secondary,no,362,no,no,cellular,20,nov,106,1,-1,0,unknown
750248,54,unemployed,married,secondary,no,9962,no,no,cellular,3,feb,489,3,-1,0,unknown
750249,46,blue-collar,married,secondary,no,4143,yes,yes,cellular,18,nov,738,2,-1,0,unknown
750250,47,blue-collar,married,primary,no,643,yes,no,unknown,13,may,81,1,-1,0,unknown
750251,34,technician,single,secondary,no,27,yes,yes,cellular,13,aug,588,2,-1,0,unknown
750252,24,student,single,secondary,no,2354,no,no,cellular,14,aug,170,2,-1,0,unknown
750253,53,blue-collar,married,secondary,no,596,yes,no,cellular,19,nov,689,2,-1,0,unknown
750254,33,blue-collar,married,secondary,no,50,yes,no,cellular,6,may,211,2,-1,0,unknown
750255,56,blue-collar,married,primary,no,6791,yes,no,unknown,3,jun,122,1,-1,0,unknown
750256,48,management,married,tertiary,no,538,no,no,cellular,4,may,212,1,90,5,success
750257,38,management,married,tertiary,no,871,yes,no,cellular,10,jul,124,1,-1,0,unknown
750258,47,blue-collar,married,primary,no,827,yes,no,unknown,15,may,109,1,-1,0,unknown
750259,39,services,single,secondary,no,1555,no,no,unknown,17,jun,1005,2,-1,0,unknown
750260,35,housemaid,married,secondary,no,673,no,yes,cellular,19,nov,596,2,-1,0,unknown
750261,69,retired,married,secondary,no,1151,no,no,cellular,17,apr,94,1,-1,0,unknown
750262,31,technician,married,secondary,no,-6,no,no,cellular,18,nov,89,3,-1,0,unknown
750263,34,management,married,tertiary,no,3,no,no,cellular,12,aug,67,4,-1,0,unknown
750264,50,technician,divorced,secondary,no,-133,no,no,cellular,28,jul,97,2,-1,0,unknown
750265,55,technician,married,secondary,no,0,no,no,cellular,11,aug,124,2,-1,0,unknown
750266,46,blue-collar,divorced,secondary,no,3350,yes,no,cellular,1,apr,135,2,133,3,failure
750267,43,technician,married,secondary,no,1377,yes,no,unknown,14,may,104,1,-1,0,unknown
750268,49,technician,married,tertiary,no,4388,yes,no,cellular,5,aug,256,2,-1,0,unknown
750269,39,blue-collar,married,secondary,no,523,yes,no,unknown,23,may,231,2,-1,0,unknown
750270,37,management,single,tertiary,no,1519,no,no,unknown,24,jun,88,2,-1,0,unknown
750271,48,blue-collar,married,secondary,no,6,no,no,unknown,18,jun,64,1,-1,0,unknown
750272,37,blue-collar,married,secondary,no,718,yes,no,unknown,6,jun,562,2,-1,0,unknown
750273,33,services,married,secondary,no,1629,yes,no,cellular,25,jul,72,2,-1,0,unknown
750274,40,technician,single,tertiary,no,546,no,no,unknown,18,jun,8,5,-1,0,unknown
750275,45,blue-collar,married,primary,no,889,yes,no,cellular,19,aug,91,1,-1,0,unknown
750276,31,management,single,tertiary,no,822,yes,no,unknown,19,may,107,1,-1,0,unknown
750277,71,retired,married,primary,no,1388,no,no,cellular,26,oct,78,1,-1,0,unknown
750278,32,management,married,tertiary,no,810,no,no,cellular,13,aug,1013,2,-1,0,unknown
750279,35,technician,married,secondary,no,943,yes,no,unknown,6,may,140,2,-1,0,unknown
750280,31,technician,single,tertiary,no,30,no,no,cellular,13,aug,101,2,-1,0,unknown
750281,65,admin.,married,secondary,no,11240,yes,no,telephone,21,nov,189,1,-1,0,unknown
750282,55,services,divorced,secondary,no,985,yes,no,cellular,10,feb,102,2,-1,0,unknown
750283,71,retired,married,secondary,no,934,no,no,cellular,12,jan,396,2,-1,0,unknown
750284,52,services,married,unknown,no,17,no,no,cellular,4,aug,86,1,-1,0,unknown
750285,57,retired,married,secondary,no,557,no,no,unknown,17,jun,447,1,-1,0,unknown
750286,59,entrepreneur,married,tertiary,no,1391,yes,no,cellular,18,jul,57,3,-1,0,unknown
750287,46,housemaid,married,tertiary,no,2651,yes,no,cellular,4,jun,495,3,-1,0,unknown
750288,37,blue-collar,married,secondary,no,2115,yes,yes,unknown,21,may,111,1,-1,0,unknown
750289,33,management,single,tertiary,no,917,yes,no,unknown,21,may,185,1,-1,0,unknown
750290,31,services,single,secondary,no,0,yes,no,cellular,8,may,53,5,-1,0,unknown
750291,33,management,married,tertiary,no,4,no,no,cellular,11,aug,117,2,-1,0,unknown
750292,44,management,married,primary,no,464,no,no,unknown,30,may,123,2,-1,0,unknown
750293,31,management,single,tertiary,no,776,no,no,cellular,9,feb,108,2,-1,0,unknown
750294,37,admin.,married,secondary,no,1303,yes,no,cellular,29,jul,93,3,-1,0,unknown
750295,34,technician,married,secondary,no,0,yes,no,cellular,7,jul,123,3,-1,0,unknown
750296,41,technician,married,secondary,no,664,yes,no,telephone,18,nov,51,1,-1,0,unknown
750297,45,management,married,tertiary,no,2240,no,no,cellular,14,aug,1241,2,-1,0,unknown
750298,61,management,married,tertiary,no,1373,yes,no,cellular,28,jan,317,1,-1,0,unknown
750299,41,technician,divorced,secondary,no,-396,yes,no,cellular,18,nov,115,2,-1,0,unknown
750300,31,blue-collar,married,secondary,no,568,yes,no,unknown,21,may,147,2,-1,0,unknown
750301,43,services,married,tertiary,no,0,no,no,unknown,17,jun,48,1,-1,0,unknown
750302,66,retired,married,secondary,no,14,no,no,telephone,8,jul,152,1,-1,0,unknown
750303,49,services,married,secondary,no,1230,no,yes,telephone,4,feb,543,1,-1,0,unknown
750304,31,management,married,tertiary,no,1770,no,no,cellular,18,aug,121,6,-1,0,unknown
750305,29,management,married,tertiary,no,611,yes,no,unknown,28,may,431,2,-1,0,unknown
750306,54,technician,married,secondary,no,1477,yes,no,cellular,31,jul,81,3,-1,0,unknown
750307,30,management,married,tertiary,no,1078,yes,no,cellular,21,nov,8,5,-1,0,unknown
750308,34,management,single,tertiary,no,3,yes,no,cellular,30,jan,136,2,-1,0,unknown
750309,42,unemployed,married,secondary,no,522,yes,no,telephone,3,feb,166,3,270,3,failure
750310,39,self-employed,married,tertiary,no,1476,yes,no,cellular,19,nov,126,1,-1,0,unknown
750311,41,admin.,married,secondary,no,-11,yes,yes,unknown,27,may,103,1,-1,0,unknown
750312,27,student,single,secondary,no,468,yes,no,cellular,4,feb,217,1,-1,0,unknown
750313,47,technician,married,secondary,no,629,yes,no,unknown,13,may,165,1,-1,0,unknown
750314,39,management,married,tertiary,no,1356,no,no,cellular,20,apr,667,3,-1,0,unknown
750315,60,admin.,divorced,secondary,no,1323,yes,no,unknown,15,may,507,1,-1,0,unknown
750316,41,technician,married,secondary,no,2346,no,no,cellular,12,aug,103,6,-1,0,unknown
750317,33,admin.,married,secondary,no,18,yes,no,cellular,28,jul,50,5,-1,0,unknown
750318,30,management,single,tertiary,no,937,no,no,cellular,8,aug,76,3,-1,0,unknown
750319,41,blue-collar,married,primary,no,-274,yes,no,unknown,27,may,39,4,-1,0,unknown
750320,36,blue-collar,single,secondary,no,651,no,no,cellular,7,jul,615,3,-1,0,unknown
750321,53,services,married,secondary,no,-100,yes,no,cellular,17,apr,238,2,322,3,other
750322,33,blue-collar,married,secondary,no,23,no,no,unknown,4,aug,8,2,-1,0,unknown
750323,37,blue-collar,single,secondary,no,-114,yes,no,cellular,13,may,217,1,-1,0,unknown
750324,42,self-employed,married,secondary,no,602,yes,no,unknown,30,may,65,5,-1,0,unknown
750325,37,blue-collar,single,primary,no,614,yes,no,unknown,9,may,134,2,-1,0,unknown
750326,54,blue-collar,married,primary,no,779,yes,no,telephone,11,may,123,1,172,3,failure
750327,40,management,married,secondary,no,0,no,no,unknown,9,jun,97,1,-1,0,unknown
750328,50,management,married,tertiary,no,0,no,no,cellular,18,nov,106,2,-1,0,unknown
750329,41,technician,single,secondary,no,-266,yes,yes,cellular,29,jul,102,4,-1,0,unknown
750330,31,technician,single,secondary,no,942,yes,no,cellular,4,feb,109,3,269,1,failure
750331,56,retired,married,primary,no,9367,no,no,cellular,11,feb,981,2,90,6,success
750332,35,admin.,divorced,secondary,no,-312,yes,no,unknown,2,jun,75,1,-1,0,unknown
750333,46,blue-collar,married,primary,no,2044,no,yes,cellular,8,jul,112,2,-1,0,unknown
750334,32,services,married,secondary,no,-1,yes,yes,unknown,27,may,109,2,-1,0,unknown
750335,37,management,married,tertiary,no,6,yes,yes,cellular,19,nov,88,1,-1,0,unknown
750336,42,blue-collar,married,secondary,no,0,yes,no,unknown,7,may,128,6,-1,0,unknown
750337,40,management,married,tertiary,no,607,yes,no,cellular,5,feb,111,4,-1,0,unknown
750338,31,management,married,tertiary,no,0,no,no,unknown,21,may,143,1,-1,0,unknown
750339,43,management,divorced,secondary,no,0,yes,no,cellular,15,jul,114,2,-1,0,unknown
750340,34,technician,married,secondary,no,0,no,no,cellular,2,feb,139,1,-1,0,unknown
750341,43,services,married,secondary,no,854,yes,no,cellular,9,feb,7,5,-1,0,unknown
750342,51,admin.,married,secondary,no,1694,no,no,unknown,29,jun,49,1,-1,0,unknown
750343,47,blue-collar,married,primary,no,-49,no,yes,cellular,28,jul,168,2,-1,0,unknown
750344,59,admin.,married,secondary,no,1575,yes,no,cellular,11,may,181,2,-1,0,unknown
750345,57,management,married,tertiary,no,0,no,no,unknown,19,jun,107,2,-1,0,unknown
750346,28,services,single,secondary,no,4,yes,no,cellular,15,may,633,3,352,3,other
750347,40,blue-collar,married,primary,no,801,no,no,cellular,30,apr,513,1,-1,0,unknown
750348,43,retired,single,secondary,no,0,no,no,unknown,6,jun,81,2,-1,0,unknown
750349,36,self-employed,married,tertiary,no,-3058,yes,yes,cellular,16,mar,406,1,182,1,failure
750350,36,blue-collar,married,primary,no,943,no,no,unknown,17,jun,108,1,-1,0,unknown
750351,32,admin.,single,secondary,no,-1136,yes,yes,cellular,21,nov,117,2,-1,0,unknown
750352,46,blue-collar,married,primary,no,714,yes,no,cellular,17,apr,77,1,-1,0,unknown
750353,52,blue-collar,single,secondary,no,507,yes,yes,cellular,14,may,128,1,-1,0,unknown
750354,40,technician,divorced,secondary,no,1577,yes,no,cellular,18,jul,108,1,-1,0,unknown
750355,35,housemaid,married,tertiary,no,510,yes,no,unknown,6,may,153,2,-1,0,unknown
750356,38,blue-collar,married,secondary,no,574,yes,no,cellular,11,may,393,2,-1,0,unknown
750357,27,management,single,tertiary,no,832,yes,no,cellular,18,may,68,1,-1,0,unknown
750358,26,management,single,tertiary,no,3382,yes,no,cellular,18,jul,867,2,-1,0,unknown
750359,38,technician,single,secondary,no,518,yes,no,cellular,7,apr,483,1,323,1,failure
750360,36,management,married,tertiary,no,4831,no,no,cellular,22,aug,562,4,-1,0,unknown
750361,30,admin.,single,secondary,no,658,yes,yes,cellular,28,jul,628,2,-1,0,unknown
750362,33,blue-collar,married,secondary,no,7,yes,no,unknown,6,may,200,1,-1,0,unknown
750363,48,blue-collar,married,secondary,no,-202,yes,no,cellular,8,may,168,2,170,1,failure
750364,37,admin.,married,secondary,no,5,yes,yes,cellular,2,feb,92,1,272,4,failure
750365,31,management,married,secondary,no,20,yes,no,cellular,20,apr,9,2,150,7,failure
750366,30,management,single,tertiary,no,27,no,no,cellular,25,aug,80,6,-1,0,unknown
750367,60,retired,married,primary,no,457,yes,no,unknown,5,jun,135,1,-1,0,unknown
750368,39,services,married,secondary,no,2079,yes,no,cellular,31,jul,48,5,-1,0,unknown
750369,40,management,married,primary,no,641,yes,no,unknown,23,may,761,4,-1,0,unknown
750370,35,technician,single,secondary,no,1120,yes,no,cellular,19,nov,123,2,117,3,failure
750371,32,technician,single,secondary,no,641,no,no,cellular,13,aug,109,2,-1,0,unknown
750372,44,management,married,secondary,no,3926,yes,no,unknown,13,may,76,2,-1,0,unknown
750373,37,technician,divorced,secondary,yes,-954,yes,no,cellular,13,may,89,1,-1,0,unknown
750374,45,blue-collar,married,secondary,no,1279,yes,no,unknown,20,may,197,4,-1,0,unknown
750375,46,blue-collar,married,secondary,no,0,yes,no,cellular,6,may,531,1,169,2,failure
750376,46,management,divorced,secondary,no,-852,yes,yes,cellular,21,nov,8,7,-1,0,unknown
750377,33,management,married,tertiary,no,6573,no,no,cellular,2,feb,97,1,-1,0,unknown
750378,34,admin.,single,secondary,no,664,yes,no,cellular,17,apr,416,2,-1,0,unknown
750379,44,blue-collar,married,secondary,no,682,no,no,unknown,16,jun,641,3,-1,0,unknown
750380,56,management,married,tertiary,no,0,no,yes,cellular,29,jan,158,1,247,1,failure
750381,35,admin.,married,secondary,no,3348,yes,no,unknown,20,may,142,2,-1,0,unknown
750382,53,admin.,single,secondary,no,988,no,no,unknown,5,jun,91,2,-1,0,unknown
750383,39,technician,married,secondary,no,28,no,no,cellular,21,nov,661,3,-1,0,unknown
750384,36,technician,single,secondary,no,0,no,no,cellular,22,aug,209,2,-1,0,unknown
750385,33,services,single,tertiary,no,47,no,no,cellular,27,aug,18,31,-1,0,unknown
750386,46,management,married,tertiary,no,7968,no,no,cellular,30,apr,301,1,80,1,success
750387,55,blue-collar,married,secondary,no,3382,no,no,unknown,9,jun,152,1,-1,0,unknown
750388,39,admin.,single,secondary,no,2098,yes,no,unknown,30,may,72,3,-1,0,unknown
750389,35,technician,married,secondary,no,5,no,no,cellular,28,aug,65,7,-1,0,unknown
750390,54,services,married,secondary,no,505,yes,no,unknown,7,may,742,3,-1,0,unknown
750391,60,retired,divorced,tertiary,no,524,no,no,cellular,4,aug,520,1,-1,0,unknown
750392,34,technician,single,secondary,no,1597,yes,no,unknown,19,may,97,2,-1,0,unknown
750393,29,services,single,secondary,no,-158,yes,no,cellular,28,jul,399,2,-1,0,unknown
750394,40,admin.,single,secondary,no,985,yes,no,cellular,11,may,83,3,-1,0,unknown
750395,34,blue-collar,married,secondary,no,-100,yes,no,unknown,19,may,122,6,-1,0,unknown
750396,45,management,married,secondary,no,1750,no,no,telephone,17,dec,158,5,-1,0,unknown
750397,36,blue-collar,married,unknown,no,1298,yes,no,unknown,21,may,563,1,-1,0,unknown
750398,39,blue-collar,single,secondary,no,3231,no,no,unknown,9,jun,179,3,-1,0,unknown
750399,54,admin.,divorced,secondary,no,1659,yes,no,unknown,20,jun,76,5,-1,0,unknown
750400,47,management,married,tertiary,no,0,no,no,cellular,25,aug,114,6,-1,0,unknown
750401,25,student,single,secondary,no,1066,yes,no,unknown,13,may,24,3,-1,0,unknown
750402,59,retired,married,secondary,no,594,yes,no,unknown,14,may,95,2,-1,0,unknown
750403,32,management,single,tertiary,no,689,no,no,cellular,19,nov,922,5,-1,0,unknown
750404,27,blue-collar,single,secondary,no,-76,yes,no,unknown,9,may,209,1,-1,0,unknown
750405,58,admin.,married,secondary,no,111,no,no,cellular,28,may,449,2,-1,0,unknown
750406,54,retired,married,secondary,no,914,no,no,cellular,28,jan,372,1,-1,0,unknown
750407,36,technician,divorced,secondary,no,1161,yes,no,cellular,11,jul,112,2,-1,0,unknown
750408,36,admin.,married,unknown,no,-465,yes,yes,unknown,26,may,160,3,-1,0,unknown
750409,45,technician,married,primary,no,0,yes,no,unknown,17,jun,118,6,-1,0,unknown
750410,30,services,single,secondary,no,816,yes,no,unknown,21,may,113,2,-1,0,unknown
750411,40,entrepreneur,married,tertiary,no,0,no,no,cellular,18,aug,199,7,-1,0,unknown
750412,51,technician,married,secondary,no,0,yes,no,cellular,25,jul,210,2,-1,0,unknown
750413,30,management,married,tertiary,no,1224,yes,no,cellular,17,apr,306,1,-1,0,unknown
750414,32,technician,single,tertiary,no,2544,no,no,cellular,16,nov,130,1,-1,0,unknown
750415,34,technician,married,secondary,no,1174,no,no,cellular,22,mar,265,1,-1,0,unknown
750416,37,technician,divorced,tertiary,no,4596,yes,no,cellular,12,aug,712,1,-1,0,unknown
750417,49,management,divorced,tertiary,no,437,no,no,cellular,11,aug,728,2,-1,0,unknown
750418,43,management,single,tertiary,no,5658,no,no,unknown,17,jun,462,2,-1,0,unknown
750419,57,housemaid,married,secondary,no,897,no,no,cellular,19,aug,613,3,-1,0,unknown
750420,33,management,married,tertiary,no,866,no,no,cellular,5,aug,1134,3,-1,0,unknown
750421,36,blue-collar,married,secondary,no,0,yes,yes,cellular,11,may,159,7,339,6,failure
750422,26,management,single,tertiary,no,449,yes,no,cellular,7,apr,139,1,-1,0,unknown
750423,41,unemployed,divorced,primary,no,2,no,no,unknown,20,jun,100,2,-1,0,unknown
750424,42,blue-collar,married,secondary,no,-376,yes,no,cellular,11,may,114,3,347,1,failure
750425,32,management,married,tertiary,no,16,no,no,cellular,28,aug,64,5,-1,0,unknown
750426,26,student,single,tertiary,no,10086,no,no,cellular,21,jul,110,1,80,3,success
750427,45,management,married,tertiary,no,740,yes,no,unknown,16,may,595,7,-1,0,unknown
750428,44,unemployed,married,secondary,no,9,yes,yes,unknown,18,may,106,11,-1,0,unknown
750429,26,student,single,secondary,no,940,no,no,cellular,12,jan,473,1,-1,0,unknown
750430,54,technician,divorced,secondary,no,-6,no,no,cellular,30,jul,128,4,-1,0,unknown
750431,35,management,divorced,tertiary,no,473,yes,no,cellular,16,apr,114,2,-1,0,unknown
750432,52,management,married,tertiary,no,-98,yes,yes,cellular,7,may,244,1,-1,0,unknown
750433,34,technician,married,secondary,no,514,yes,no,cellular,18,aug,82,7,-1,0,unknown
750434,52,technician,married,tertiary,no,988,no,no,cellular,21,jul,104,5,-1,0,unknown
750435,50,management,married,tertiary,no,0,no,no,cellular,30,jul,97,3,-1,0,unknown
750436,30,services,single,secondary,no,1222,yes,no,unknown,20,may,1882,1,-1,0,unknown
750437,40,technician,married,secondary,no,0,yes,no,unknown,28,may,91,5,-1,0,unknown
750438,36,technician,married,secondary,no,-280,yes,no,unknown,21,may,300,2,-1,0,unknown
750439,45,blue-collar,married,primary,no,864,no,no,cellular,29,aug,130,2,-1,0,unknown
750440,34,technician,married,secondary,no,1696,yes,no,cellular,25,nov,150,2,97,3,failure
750441,31,technician,married,tertiary,no,442,yes,no,unknown,8,may,157,3,-1,0,unknown
750442,39,admin.,married,secondary,no,3020,no,no,cellular,13,aug,524,6,-1,0,unknown
750443,34,management,single,tertiary,no,1108,no,no,cellular,20,apr,14,9,-1,0,unknown
750444,46,management,married,tertiary,no,3,yes,yes,cellular,7,aug,155,2,-1,0,unknown
750445,47,technician,married,secondary,no,741,no,no,cellular,29,aug,145,5,-1,0,unknown
750446,57,retired,divorced,tertiary,no,775,no,no,cellular,7,sep,635,2,97,1,failure
750447,34,services,married,secondary,no,1326,yes,no,cellular,17,jul,70,1,-1,0,unknown
750448,30,management,married,tertiary,no,731,no,no,cellular,4,may,615,2,90,1,success
750449,40,blue-collar,married,primary,no,1298,no,no,cellular,15,jul,111,2,-1,0,unknown
750450,44,blue-collar,married,primary,no,143,yes,no,unknown,7,may,579,1,-1,0,unknown
750451,28,unemployed,single,primary,no,7459,yes,no,unknown,16,may,322,1,-1,0,unknown
750452,43,blue-collar,married,primary,no,-312,yes,yes,cellular,18,may,97,3,350,1,failure
750453,38,management,married,tertiary,no,1449,yes,no,cellular,20,apr,712,4,-1,0,unknown
750454,34,management,single,tertiary,no,5802,yes,no,cellular,18,nov,898,2,-1,0,unknown
750455,45,management,married,primary,no,2297,yes,no,telephone,20,apr,69,3,263,5,failure
750456,59,self-employed,married,secondary,no,1022,no,no,telephone,20,jun,22,13,-1,0,unknown
750457,41,blue-collar,married,secondary,no,3111,yes,no,unknown,19,may,145,1,-1,0,unknown
750458,32,technician,married,tertiary,no,-153,yes,no,telephone,17,nov,49,2,-1,0,unknown
750459,34,blue-collar,married,secondary,no,1205,yes,no,cellular,17,apr,66,1,148,1,other
750460,40,blue-collar,married,primary,no,1511,yes,no,cellular,14,may,267,4,-1,0,unknown
750461,37,admin.,divorced,secondary,no,-274,yes,yes,unknown,12,may,439,4,-1,0,unknown
750462,42,admin.,single,secondary,no,3948,no,no,cellular,31,jul,108,3,-1,0,unknown
750463,55,services,single,secondary,no,442,yes,no,cellular,20,apr,111,1,-1,0,unknown
750464,43,technician,married,secondary,no,461,no,no,cellular,20,aug,75,2,-1,0,unknown
750465,37,blue-collar,married,tertiary,no,1568,yes,no,cellular,4,may,226,2,90,3,success
750466,33,technician,married,secondary,no,-124,no,no,cellular,22,aug,112,3,-1,0,unknown
750467,57,blue-collar,married,primary,no,-257,no,yes,unknown,30,jun,64,2,-1,0,unknown
750468,38,blue-collar,single,primary,no,522,yes,no,cellular,20,apr,71,2,-1,0,unknown
750469,37,admin.,single,secondary,no,1759,yes,no,telephone,20,apr,21,7,-1,0,unknown
750470,28,technician,single,secondary,no,613,no,yes,unknown,4,jun,101,1,-1,0,unknown
750471,57,housemaid,married,secondary,no,1275,no,no,unknown,11,jun,126,2,-1,0,unknown
750472,44,admin.,married,secondary,no,-37,yes,yes,cellular,15,may,92,2,-1,0,unknown
750473,57,management,single,tertiary,no,-23,no,yes,cellular,29,aug,150,2,-1,0,unknown
750474,46,self-employed,married,tertiary,no,0,no,no,cellular,28,aug,82,9,-1,0,unknown
750475,77,retired,married,unknown,no,519,no,no,cellular,9,mar,270,1,-1,0,unknown
750476,39,services,married,secondary,no,1530,yes,no,cellular,18,may,6,5,178,1,other
750477,38,blue-collar,married,primary,no,5861,yes,no,cellular,16,apr,498,2,-1,0,unknown
750478,34,blue-collar,married,secondary,no,1073,yes,no,cellular,12,may,357,2,-1,0,unknown
750479,27,admin.,single,secondary,no,313,no,no,cellular,1,sep,91,1,-1,0,unknown
750480,57,management,single,tertiary,no,459,no,no,unknown,5,jun,705,1,-1,0,unknown
750481,61,management,married,tertiary,no,997,yes,no,cellular,4,aug,155,1,-1,0,unknown
750482,37,technician,single,secondary,no,3244,yes,no,cellular,25,aug,92,2,-1,0,unknown
750483,71,housemaid,divorced,primary,no,2352,no,no,cellular,8,jul,706,2,-1,0,unknown
750484,29,unemployed,single,secondary,no,722,no,no,cellular,30,apr,112,1,-1,0,unknown
750485,43,services,married,secondary,no,-10,yes,no,unknown,9,may,178,1,-1,0,unknown
750486,35,technician,single,secondary,no,0,no,no,cellular,28,aug,81,7,-1,0,unknown
750487,53,management,married,tertiary,no,0,no,no,cellular,19,nov,124,2,-1,0,unknown
750488,51,entrepreneur,married,tertiary,no,563,yes,no,telephone,18,nov,68,3,-1,0,unknown
750489,34,management,married,tertiary,no,456,yes,no,cellular,21,nov,86,2,-1,0,unknown
750490,44,blue-collar,married,secondary,no,-921,yes,yes,unknown,27,may,49,1,-1,0,unknown
750491,38,management,married,unknown,no,614,no,no,cellular,4,feb,191,1,-1,0,unknown
750492,46,self-employed,married,tertiary,no,1269,no,no,unknown,20,jun,7,2,-1,0,unknown
750493,57,retired,married,primary,no,553,no,no,unknown,11,jun,85,1,-1,0,unknown
750494,33,housemaid,divorced,secondary,no,45,no,no,cellular,22,aug,124,6,-1,0,unknown
750495,32,unemployed,single,secondary,no,-160,yes,no,unknown,28,may,207,2,-1,0,unknown
750496,55,technician,married,secondary,no,52,no,no,cellular,19,aug,83,4,-1,0,unknown
750497,36,technician,married,secondary,no,757,yes,no,unknown,30,may,145,2,-1,0,unknown
750498,42,blue-collar,single,secondary,no,1025,no,no,unknown,20,jun,821,2,-1,0,unknown
750499,41,admin.,single,secondary,no,645,yes,no,unknown,16,may,204,1,-1,0,unknown
750500,32,management,single,tertiary,no,1878,yes,yes,telephone,18,may,44,5,340,4,failure
750501,27,blue-collar,single,secondary,no,618,no,yes,cellular,30,jul,48,3,-1,0,unknown
750502,32,blue-collar,single,secondary,no,486,yes,no,unknown,23,may,203,4,-1,0,unknown
750503,37,blue-collar,single,primary,no,9,yes,no,cellular,15,may,7,5,345,4,failure
750504,31,technician,single,secondary,no,3,no,no,cellular,14,aug,123,4,-1,0,unknown
750505,47,technician,divorced,secondary,no,-1,yes,no,unknown,2,jun,71,4,-1,0,unknown
750506,34,technician,divorced,tertiary,no,1161,no,no,cellular,21,nov,151,6,179,3,failure
750507,60,retired,married,secondary,no,1058,no,no,cellular,19,may,522,3,-1,0,unknown
750508,30,technician,single,secondary,no,2729,yes,yes,cellular,18,may,839,1,-1,0,unknown
750509,32,technician,single,secondary,no,1746,no,no,cellular,9,jul,1032,4,182,4,other
750510,44,blue-collar,married,primary,no,757,yes,no,cellular,11,may,135,1,367,2,failure
750511,27,student,single,secondary,no,1596,no,no,cellular,2,mar,393,1,-1,0,unknown
750512,55,technician,married,secondary,no,2059,yes,no,cellular,13,may,69,1,-1,0,unknown
750513,36,management,married,tertiary,no,17,no,no,unknown,16,may,73,3,-1,0,unknown
750514,26,technician,single,secondary,no,-114,no,yes,cellular,14,jul,82,3,-1,0,unknown
750515,26,blue-collar,married,secondary,no,514,no,no,cellular,25,may,55,1,-1,0,unknown
750516,35,management,married,tertiary,no,362,no,no,cellular,12,aug,649,2,-1,0,unknown
750517,35,management,married,secondary,no,12159,yes,no,cellular,5,nov,157,5,-1,0,unknown
750518,50,blue-collar,married,secondary,no,431,no,no,cellular,18,aug,75,7,-1,0,unknown
750519,46,management,single,tertiary,no,796,no,yes,cellular,29,aug,215,2,-1,0,unknown
750520,48,blue-collar,married,secondary,no,1230,yes,no,unknown,18,jun,254,7,-1,0,unknown
750521,42,blue-collar,married,secondary,no,1430,yes,no,cellular,7,may,645,1,358,2,other
750522,59,management,married,tertiary,no,7881,no,no,cellular,2,feb,651,1,-1,0,unknown
750523,40,admin.,married,secondary,no,-194,yes,no,cellular,18,jul,326,1,-1,0,unknown
750524,65,retired,married,tertiary,no,708,no,no,cellular,19,oct,531,2,208,2,success
750525,45,unemployed,married,tertiary,no,691,yes,no,unknown,6,jun,157,6,-1,0,unknown
750526,28,admin.,single,secondary,no,459,no,no,cellular,2,feb,479,1,-1,0,unknown
750527,44,management,divorced,tertiary,no,0,yes,yes,unknown,8,may,6,1,-1,0,unknown
750528,37,blue-collar,married,secondary,no,1882,yes,yes,unknown,21,may,526,2,-1,0,unknown
750529,39,technician,married,secondary,no,532,no,no,unknown,6,jun,74,1,-1,0,unknown
750530,42,unknown,single,secondary,no,1,no,no,telephone,4,feb,87,2,-1,0,unknown
750531,46,technician,married,secondary,no,2,no,no,cellular,6,aug,88,4,-1,0,unknown
750532,30,technician,married,secondary,no,913,yes,yes,cellular,16,jul,431,1,-1,0,unknown
750533,55,management,married,tertiary,no,1225,no,no,cellular,21,nov,123,1,-1,0,unknown
750534,33,management,single,tertiary,no,10,no,no,cellular,5,aug,144,1,-1,0,unknown
750535,41,management,married,primary,no,1530,yes,no,cellular,30,jul,871,3,-1,0,unknown
750536,33,blue-collar,divorced,secondary,no,33,yes,no,unknown,7,may,477,2,-1,0,unknown
750537,52,management,married,tertiary,no,0,no,no,cellular,29,aug,121,2,-1,0,unknown
750538,43,technician,married,tertiary,no,2459,yes,no,telephone,5,feb,8,8,258,10,other
750539,43,entrepreneur,divorced,primary,no,705,yes,no,cellular,7,may,1121,1,-1,0,unknown
750540,38,blue-collar,married,primary,no,679,yes,no,unknown,6,jun,579,3,-1,0,unknown
750541,41,blue-collar,married,unknown,no,-19,no,yes,unknown,20,jun,201,3,-1,0,unknown
750542,35,technician,single,secondary,no,671,yes,no,cellular,8,aug,88,2,-1,0,unknown
750543,38,blue-collar,married,secondary,no,-10,no,yes,unknown,5,jun,133,1,-1,0,unknown
750544,28,management,married,tertiary,no,2355,yes,no,cellular,10,jul,149,1,-1,0,unknown
750545,38,services,married,secondary,no,-637,yes,no,cellular,13,may,193,1,-1,0,unknown
750546,36,admin.,married,secondary,no,0,no,no,unknown,20,jun,36,2,-1,0,unknown
750547,40,technician,married,tertiary,no,2098,no,no,cellular,11,aug,122,2,-1,0,unknown
750548,48,blue-collar,divorced,primary,no,558,yes,no,unknown,16,may,186,3,-1,0,unknown
750549,55,self-employed,married,secondary,no,0,no,no,cellular,28,aug,64,2,-1,0,unknown
750550,53,retired,married,primary,no,1044,yes,yes,unknown,6,may,245,1,-1,0,unknown
750551,60,retired,divorced,primary,no,-59,no,yes,cellular,9,jul,151,1,-1,0,unknown
750552,30,admin.,single,secondary,no,1456,no,no,cellular,20,nov,48,1,-1,0,unknown
750553,51,admin.,divorced,secondary,no,1255,no,yes,unknown,17,jun,514,1,-1,0,unknown
750554,30,management,married,tertiary,no,1381,no,no,cellular,11,sep,523,1,-1,0,unknown
750555,44,entrepreneur,married,secondary,no,3471,yes,no,cellular,27,may,114,2,-1,0,unknown
750556,53,services,married,secondary,no,-872,yes,no,cellular,15,jul,80,3,-1,0,unknown
750557,33,technician,married,secondary,no,0,no,no,cellular,19,aug,77,3,-1,0,unknown
750558,42,technician,married,secondary,no,1454,no,no,cellular,30,apr,478,1,-1,0,unknown
750559,46,management,married,tertiary,no,644,no,yes,cellular,29,jul,124,2,-1,0,unknown
750560,54,retired,divorced,secondary,no,527,yes,no,unknown,15,may,514,2,-1,0,unknown
750561,30,blue-collar,married,secondary,no,-132,yes,no,unknown,4,may,172,2,-1,0,unknown
750562,28,blue-collar,single,secondary,no,495,yes,no,unknown,27,may,207,1,-1,0,unknown
750563,38,management,married,tertiary,no,0,yes,no,cellular,5,may,155,1,-1,0,unknown
750564,32,technician,married,tertiary,no,801,no,no,cellular,18,aug,331,4,-1,0,unknown
750565,56,technician,married,secondary,no,0,no,no,cellular,30,apr,123,1,-1,0,unknown
750566,33,management,single,secondary,no,719,yes,no,unknown,20,may,8,6,-1,0,unknown
750567,29,admin.,single,secondary,no,473,yes,yes,unknown,12,may,81,4,-1,0,unknown
750568,51,blue-collar,married,secondary,yes,-1,no,no,unknown,17,jun,78,1,-1,0,unknown
750569,26,management,single,tertiary,no,1331,no,no,cellular,6,feb,1091,2,-1,0,unknown
750570,41,blue-collar,married,secondary,no,3126,yes,no,cellular,3,apr,244,2,-1,0,unknown
750571,36,management,married,tertiary,no,0,yes,no,cellular,29,jul,77,12,-1,0,unknown
750572,27,self-employed,single,tertiary,no,15161,no,no,cellular,27,feb,552,2,-1,0,unknown
750573,45,services,married,secondary,no,-10,yes,no,unknown,3,jun,118,3,-1,0,unknown
750574,26,management,single,tertiary,no,3145,no,no,cellular,2,feb,973,1,-1,0,unknown
750575,53,technician,married,secondary,no,864,no,no,cellular,17,nov,84,1,-1,0,unknown
750576,52,blue-collar,married,unknown,no,863,no,no,cellular,17,aug,565,1,-1,0,unknown
750577,45,admin.,single,secondary,no,2628,no,no,cellular,19,nov,146,2,-1,0,unknown
750578,37,services,divorced,secondary,no,766,yes,no,cellular,17,apr,1193,1,338,2,success
750579,45,technician,married,secondary,no,0,no,no,unknown,5,jun,285,1,-1,0,unknown
750580,44,self-employed,married,tertiary,no,586,yes,yes,unknown,9,jun,126,2,-1,0,unknown
750581,33,management,married,tertiary,no,1335,yes,no,cellular,17,jul,71,1,-1,0,unknown
750582,56,retired,married,secondary,no,25,no,no,unknown,18,jun,135,3,-1,0,unknown
750583,28,technician,married,secondary,no,831,yes,no,unknown,28,may,49,1,-1,0,unknown
750584,34,management,single,tertiary,no,0,no,no,cellular,27,aug,121,4,-1,0,unknown
750585,33,management,married,tertiary,no,839,yes,no,cellular,17,apr,634,1,149,5,failure
750586,50,technician,married,secondary,no,-1176,yes,yes,cellular,29,jul,80,3,-1,0,unknown
750587,58,unemployed,married,secondary,no,2981,no,no,cellular,5,feb,1226,1,-1,0,unknown
750588,39,entrepreneur,married,primary,no,0,yes,yes,telephone,31,jul,100,3,-1,0,unknown
750589,39,management,single,tertiary,no,4594,no,no,cellular,27,aug,506,3,-1,0,unknown
750590,25,management,single,tertiary,no,512,yes,no,cellular,18,may,124,1,-1,0,unknown
750591,25,management,married,tertiary,no,1782,yes,no,unknown,19,may,121,1,-1,0,unknown
750592,38,management,married,tertiary,no,1489,yes,no,cellular,20,apr,690,4,-1,0,unknown
750593,42,admin.,married,secondary,no,1223,no,no,cellular,21,nov,1092,1,127,2,failure
750594,35,technician,single,tertiary,no,0,yes,no,cellular,6,may,96,1,169,2,failure
750595,54,blue-collar,married,primary,no,2389,no,no,telephone,21,apr,258,2,-1,0,unknown
750596,38,blue-collar,married,secondary,no,673,yes,no,cellular,8,may,8,6,-1,0,unknown
750597,26,technician,single,unknown,no,2303,no,no,telephone,30,apr,249,2,-1,0,unknown
750598,45,technician,single,tertiary,no,-158,no,no,cellular,28,aug,95,3,-1,0,unknown
750599,40,services,married,secondary,no,-68,yes,no,unknown,26,may,293,2,-1,0,unknown
750600,41,admin.,married,secondary,no,13059,yes,no,unknown,20,jun,23,7,-1,0,unknown
750601,28,technician,single,secondary,no,8,yes,no,unknown,9,may,237,1,-1,0,unknown
750602,35,management,married,tertiary,no,0,yes,no,cellular,26,may,105,1,112,3,failure
750603,47,housemaid,married,primary,no,8,no,no,cellular,26,aug,117,2,-1,0,unknown
750604,40,management,married,tertiary,no,2430,no,no,cellular,4,aug,112,2,-1,0,unknown
750605,33,technician,married,secondary,no,1535,yes,yes,cellular,29,aug,136,2,-1,0,unknown
750606,62,management,married,tertiary,no,3371,no,no,cellular,25,sep,160,1,-1,0,unknown
750607,38,technician,married,secondary,no,2354,no,no,unknown,20,jun,74,3,-1,0,unknown
750608,51,management,single,tertiary,no,-199,no,yes,telephone,28,jul,50,9,-1,0,unknown
750609,53,services,married,secondary,no,1331,no,no,cellular,14,aug,604,2,-1,0,unknown
750610,59,housemaid,married,primary,no,1467,no,yes,unknown,16,jun,126,12,-1,0,unknown
750611,26,self-employed,single,tertiary,no,521,no,no,cellular,3,feb,485,2,-1,0,unknown
750612,37,services,married,secondary,no,1562,no,no,unknown,11,jun,557,3,-1,0,unknown
750613,37,blue-collar,married,primary,no,2171,yes,no,unknown,8,may,97,1,-1,0,unknown
750614,29,admin.,single,tertiary,no,464,no,no,cellular,30,apr,400,2,-1,0,unknown
750615,35,management,single,secondary,no,0,no,no,unknown,17,jun,71,1,-1,0,unknown
750616,33,entrepreneur,married,secondary,no,1612,yes,no,cellular,21,nov,893,3,-1,0,unknown
750617,42,management,married,tertiary,no,-11,yes,yes,cellular,25,jul,93,9,-1,0,unknown
750618,54,management,married,tertiary,no,0,no,no,cellular,30,apr,85,1,-1,0,unknown
750619,53,technician,divorced,secondary,no,927,no,no,unknown,5,jun,203,2,-1,0,unknown
750620,38,technician,married,secondary,no,36,yes,no,unknown,30,may,109,3,-1,0,unknown
750621,56,self-employed,married,tertiary,no,0,no,no,telephone,17,nov,49,1,-1,0,unknown
750622,36,management,single,tertiary,no,1351,no,no,cellular,4,feb,264,1,-1,0,unknown
750623,37,management,single,tertiary,no,0,no,no,cellular,25,aug,90,4,-1,0,unknown
750624,32,blue-collar,married,secondary,no,3727,yes,yes,cellular,20,nov,104,3,-1,0,unknown
750625,34,technician,single,secondary,no,558,yes,no,unknown,28,may,139,1,-1,0,unknown
750626,53,blue-collar,married,secondary,no,536,no,no,cellular,30,jul,738,2,-1,0,unknown
750627,48,self-employed,married,primary,no,47,no,yes,cellular,18,nov,110,2,-1,0,unknown
750628,25,admin.,single,secondary,no,4590,yes,no,unknown,27,may,705,1,-1,0,unknown
750629,57,management,married,tertiary,no,5561,no,no,cellular,18,nov,507,3,-1,0,unknown
750630,40,admin.,single,tertiary,no,2326,yes,no,unknown,5,jun,105,1,-1,0,unknown
750631,36,blue-collar,single,secondary,no,3111,no,no,unknown,5,jun,123,1,-1,0,unknown
750632,30,technician,married,secondary,no,0,no,no,cellular,5,feb,103,1,-1,0,unknown
750633,56,retired,married,primary,no,0,no,no,cellular,28,aug,106,2,-1,0,unknown
750634,56,services,married,secondary,no,624,yes,yes,cellular,24,jul,72,1,-1,0,unknown
750635,48,services,married,unknown,no,1012,yes,no,unknown,7,may,937,1,-1,0,unknown
750636,35,management,married,tertiary,yes,-971,yes,yes,unknown,27,may,85,2,-1,0,unknown
750637,35,management,married,tertiary,no,0,no,yes,unknown,17,jun,93,3,-1,0,unknown
750638,37,blue-collar,divorced,primary,no,1742,yes,no,cellular,13,may,508,1,-1,0,unknown
750639,76,retired,married,primary,no,1680,no,no,telephone,23,apr,413,4,-1,0,unknown
750640,36,management,married,tertiary,no,866,no,no,cellular,11,jul,977,4,-1,0,unknown
750641,57,management,married,tertiary,no,3498,yes,no,cellular,6,aug,574,1,-1,0,unknown
750642,35,management,single,tertiary,no,-218,yes,no,unknown,5,may,87,1,-1,0,unknown
750643,40,management,single,tertiary,no,1845,yes,no,unknown,3,jun,134,1,-1,0,unknown
750644,42,blue-collar,married,primary,no,-817,yes,no,cellular,20,apr,20,3,-1,0,unknown
750645,52,services,married,secondary,no,739,no,no,unknown,20,jun,95,3,-1,0,unknown
750646,37,blue-collar,married,secondary,no,638,yes,no,cellular,25,jul,93,5,-1,0,unknown
750647,44,technician,married,secondary,no,0,yes,no,unknown,6,may,76,3,-1,0,unknown
750648,48,blue-collar,married,secondary,no,557,no,no,cellular,14,jul,462,2,-1,0,unknown
750649,38,admin.,divorced,secondary,no,1742,no,no,cellular,3,jun,140,1,-1,0,unknown
750650,36,management,married,tertiary,no,643,no,no,cellular,21,oct,531,1,182,2,success
750651,54,blue-collar,married,primary,no,458,yes,yes,cellular,5,may,114,1,-1,0,unknown
750652,56,retired,married,secondary,no,1325,no,no,cellular,25,jul,105,3,-1,0,unknown
750653,56,technician,married,tertiary,no,230,no,no,cellular,7,aug,71,2,-1,0,unknown
750654,33,management,single,tertiary,no,2059,no,no,cellular,25,aug,81,4,-1,0,unknown
750655,45,management,married,tertiary,no,3197,no,no,cellular,14,aug,58,2,-1,0,unknown
750656,33,technician,divorced,secondary,no,-1,yes,no,unknown,9,may,102,2,-1,0,unknown
750657,70,retired,married,primary,no,3782,no,no,cellular,25,sep,6,1,-1,0,unknown
750658,46,technician,married,secondary,no,46,no,no,cellular,7,aug,142,2,-1,0,unknown
750659,32,technician,married,tertiary,no,908,no,yes,cellular,13,aug,209,3,-1,0,unknown
750660,65,management,married,tertiary,no,0,no,no,cellular,1,sep,4,1,-1,0,unknown
750661,37,blue-collar,single,secondary,no,442,yes,no,cellular,3,feb,7,7,259,8,failure
750662,37,management,single,tertiary,no,4,no,no,cellular,20,aug,104,3,-1,0,unknown
750663,54,unemployed,married,unknown,no,641,no,no,telephone,30,jan,353,1,-1,0,unknown
750664,52,management,married,tertiary,no,382,no,yes,cellular,10,jul,662,2,-1,0,unknown
750665,23,services,single,secondary,no,823,no,yes,cellular,31,jul,492,2,-1,0,unknown
750666,46,blue-collar,divorced,secondary,no,682,yes,no,cellular,30,jan,166,2,2,1,other
750667,70,retired,divorced,secondary,no,2346,no,no,telephone,9,mar,101,2,-1,0,unknown
750668,37,blue-collar,married,primary,no,576,yes,no,cellular,14,may,178,1,-1,0,unknown
750669,30,technician,single,secondary,no,-68,yes,no,cellular,24,jul,100,1,-1,0,unknown
750670,39,management,married,tertiary,no,611,no,no,cellular,2,oct,96,1,121,1,failure
750671,26,services,single,secondary,no,-122,yes,yes,cellular,15,may,670,2,352,2,other
750672,43,technician,married,primary,no,831,yes,yes,unknown,14,may,157,1,-1,0,unknown
750673,29,unemployed,single,secondary,no,686,no,no,cellular,4,feb,124,1,-1,0,unknown
750674,36,technician,married,secondary,no,-6,yes,yes,cellular,18,jul,185,3,-1,0,unknown
750675,52,management,married,tertiary,no,0,yes,no,cellular,17,jul,117,2,-1,0,unknown
750676,39,admin.,married,secondary,no,644,yes,yes,cellular,15,may,707,1,-1,0,unknown
750677,45,technician,single,secondary,no,1395,yes,no,unknown,29,may,622,1,-1,0,unknown
750678,52,blue-collar,married,primary,no,751,yes,yes,cellular,7,may,84,5,-1,0,unknown
750679,37,blue-collar,single,secondary,no,803,yes,no,cellular,15,apr,1063,1,307,1,success
750680,43,blue-collar,married,secondary,no,596,yes,no,cellular,14,may,1581,1,-1,0,unknown
750681,32,technician,married,secondary,no,3345,yes,no,cellular,20,nov,155,2,-1,0,unknown
750682,38,self-employed,married,secondary,no,584,yes,no,unknown,6,may,157,1,-1,0,unknown
750683,31,management,single,tertiary,no,442,yes,no,cellular,12,may,113,1,361,1,other
750684,44,admin.,married,secondary,no,1631,no,no,cellular,7,sep,108,1,-1,0,unknown
750685,50,admin.,divorced,tertiary,no,0,yes,no,cellular,17,nov,67,1,-1,0,unknown
750686,37,services,married,secondary,no,523,yes,no,cellular,30,apr,749,1,-1,0,unknown
750687,36,admin.,married,secondary,no,664,yes,no,cellular,20,apr,386,2,-1,0,unknown
750688,37,admin.,divorced,secondary,no,0,yes,no,unknown,5,may,155,1,-1,0,unknown
750689,43,admin.,single,primary,no,6879,no,no,unknown,20,nov,112,2,-1,0,unknown
750690,51,management,married,tertiary,no,726,yes,no,cellular,17,nov,125,2,-1,0,unknown
750691,45,management,divorced,tertiary,no,17,yes,no,unknown,15,may,61,2,-1,0,unknown
750692,32,management,single,tertiary,no,9,yes,no,cellular,28,jul,64,3,-1,0,unknown
750693,36,technician,single,secondary,no,639,yes,yes,unknown,16,may,1187,2,-1,0,unknown
750694,51,services,married,secondary,no,481,no,no,unknown,16,jun,592,1,-1,0,unknown
750695,35,student,single,secondary,no,539,no,no,cellular,17,mar,113,4,-1,0,unknown
750696,41,housemaid,divorced,tertiary,no,0,no,no,cellular,10,jul,130,1,-1,0,unknown
750697,29,management,single,tertiary,no,15161,no,no,cellular,28,sep,195,2,184,1,success
750698,31,technician,married,tertiary,no,481,yes,no,unknown,23,may,123,2,-1,0,unknown
750699,40,blue-collar,married,primary,no,473,yes,yes,unknown,23,may,135,6,-1,0,unknown
750700,57,entrepreneur,married,primary,yes,-896,no,no,cellular,21,nov,397,6,-1,0,unknown
750701,33,entrepreneur,married,tertiary,no,0,yes,no,cellular,16,apr,197,1,147,3,other
750702,28,technician,single,tertiary,no,814,yes,no,cellular,27,may,781,1,-1,0,unknown
750703,43,technician,married,tertiary,no,0,no,no,unknown,6,may,103,3,-1,0,unknown
750704,49,management,married,tertiary,no,558,no,no,cellular,6,aug,1226,4,-1,0,unknown
750705,36,technician,married,secondary,no,0,yes,no,cellular,14,jul,102,3,-1,0,unknown
750706,58,management,married,tertiary,no,-246,yes,no,unknown,13,may,145,1,-1,0,unknown
750707,31,management,single,tertiary,no,-1415,yes,yes,cellular,24,jul,114,1,-1,0,unknown
750708,51,services,married,secondary,no,2732,yes,no,unknown,3,jun,85,12,-1,0,unknown
750709,33,blue-collar,single,primary,no,477,yes,no,cellular,13,may,108,5,-1,0,unknown
750710,49,services,married,secondary,no,0,yes,no,cellular,8,may,106,2,-1,0,unknown
750711,33,technician,single,tertiary,no,507,no,no,cellular,21,aug,528,3,-1,0,unknown
750712,27,management,single,tertiary,no,24,yes,no,cellular,24,apr,144,2,-1,0,unknown
750713,39,management,married,tertiary,no,2976,yes,no,cellular,19,nov,636,1,175,11,other
750714,30,unemployed,single,secondary,no,694,no,no,cellular,2,feb,845,1,-1,0,unknown
750715,57,admin.,married,secondary,no,18268,yes,no,cellular,19,nov,63,1,-1,0,unknown
750716,33,management,single,tertiary,no,1712,no,no,cellular,24,apr,105,1,242,1,failure
750717,45,management,married,tertiary,no,997,yes,no,cellular,3,feb,119,3,-1,0,unknown
750718,30,technician,single,tertiary,yes,-1,no,no,cellular,18,aug,90,4,-1,0,unknown
750719,54,admin.,married,unknown,no,1714,no,no,cellular,11,jul,66,3,-1,0,unknown
750720,33,services,married,secondary,no,-1,no,no,unknown,9,may,132,3,-1,0,unknown
750721,37,services,married,secondary,no,1273,yes,no,cellular,20,aug,122,4,-1,0,unknown
750722,32,housemaid,married,secondary,no,1314,no,no,cellular,8,aug,143,4,-1,0,unknown
750723,46,technician,married,tertiary,no,4544,no,no,unknown,12,jun,100,3,-1,0,unknown
750724,27,services,single,secondary,no,1571,no,no,cellular,17,jul,609,1,-1,0,unknown
750725,35,technician,married,secondary,no,2533,yes,no,cellular,6,may,973,1,342,6,other
750726,43,admin.,married,secondary,no,897,yes,no,cellular,21,nov,80,5,-1,0,unknown
750727,30,technician,divorced,tertiary,no,-547,yes,no,cellular,11,jul,125,1,-1,0,unknown
750728,49,blue-collar,married,secondary,no,1397,no,no,telephone,29,apr,847,4,-1,0,unknown
750729,40,technician,married,secondary,no,0,yes,no,cellular,31,jul,102,7,-1,0,unknown
750730,58,blue-collar,married,primary,no,0,yes,no,unknown,8,may,214,1,-1,0,unknown
750731,46,technician,married,tertiary,no,-335,no,no,cellular,11,mar,101,1,-1,0,unknown
750732,38,blue-collar,single,secondary,no,1074,yes,no,cellular,12,may,200,2,-1,0,unknown
750733,32,technician,single,tertiary,no,7567,no,no,cellular,28,jan,462,1,-1,0,unknown
750734,31,blue-collar,single,secondary,no,1686,yes,no,unknown,29,may,185,6,-1,0,unknown
750735,38,management,married,secondary,no,2278,yes,no,telephone,21,jul,1735,8,-1,0,unknown
750736,36,management,married,tertiary,no,46,no,no,cellular,19,aug,938,3,-1,0,unknown
750737,31,blue-collar,single,secondary,no,722,no,no,cellular,15,apr,166,1,-1,0,unknown
750738,31,technician,married,secondary,no,4,yes,no,cellular,15,may,197,1,-1,0,unknown
750739,50,housemaid,married,secondary,no,231,no,no,unknown,19,jun,466,1,-1,0,unknown
750740,34,admin.,single,secondary,no,0,yes,no,cellular,28,jul,103,4,-1,0,unknown
750741,32,management,single,tertiary,yes,-6,no,no,cellular,5,aug,121,2,-1,0,unknown
750742,33,management,married,tertiary,no,1517,no,no,cellular,13,aug,202,4,-1,0,unknown
750743,48,blue-collar,married,primary,no,788,yes,no,unknown,4,jun,113,3,-1,0,unknown
750744,58,management,married,tertiary,no,1633,no,no,cellular,9,aug,473,3,95,3,success
750745,44,entrepreneur,married,tertiary,no,0,no,yes,cellular,15,jul,676,12,-1,0,unknown
750746,51,self-employed,married,secondary,no,1609,no,yes,unknown,23,jun,72,1,-1,0,unknown
750747,51,management,married,tertiary,no,-130,no,no,cellular,29,jan,105,1,-1,0,unknown
750748,51,management,married,tertiary,no,0,yes,no,cellular,24,jul,86,2,-1,0,unknown
750749,51,blue-collar,married,secondary,no,-406,no,yes,cellular,8,jul,143,3,-1,0,unknown
750750,27,services,single,secondary,no,-41,yes,yes,cellular,5,may,128,1,-1,0,unknown
750751,55,blue-collar,married,primary,no,1046,yes,no,unknown,4,jun,61,10,-1,0,unknown
750752,30,management,single,tertiary,no,0,no,no,cellular,20,aug,92,4,-1,0,unknown
750753,56,admin.,married,secondary,no,589,yes,no,cellular,29,jul,96,2,-1,0,unknown
750754,55,technician,married,secondary,no,1422,yes,no,cellular,13,aug,139,2,-1,0,unknown
750755,56,entrepreneur,married,tertiary,no,1154,no,no,cellular,3,feb,91,2,-1,0,unknown
750756,47,technician,married,secondary,no,-205,no,yes,unknown,20,jun,125,1,-1,0,unknown
750757,42,blue-collar,married,secondary,no,1049,no,no,unknown,16,jun,693,3,-1,0,unknown
750758,47,admin.,married,tertiary,no,1785,no,no,cellular,11,aug,253,1,433,1,success
750759,27,management,single,secondary,no,1045,no,no,cellular,5,feb,121,1,-1,0,unknown
750760,33,blue-collar,married,primary,no,908,yes,no,cellular,12,may,80,5,-1,0,unknown
750761,34,management,married,tertiary,yes,-6847,yes,yes,cellular,17,jul,50,1,-1,0,unknown
750762,44,blue-collar,divorced,secondary,no,0,no,no,unknown,8,may,165,2,-1,0,unknown
750763,37,entrepreneur,married,secondary,no,0,no,no,cellular,25,aug,431,6,-1,0,unknown
750764,31,management,single,tertiary,no,12,yes,no,cellular,15,may,78,1,368,2,failure
750765,31,blue-collar,married,secondary,no,488,yes,no,unknown,23,may,210,1,-1,0,unknown
750766,35,technician,single,secondary,no,-129,yes,no,cellular,8,may,122,1,368,2,failure
750767,46,management,married,secondary,no,0,no,no,unknown,20,jun,110,2,-1,0,unknown
750768,32,management,single,tertiary,no,0,yes,no,unknown,29,may,122,3,-1,0,unknown
750769,43,technician,divorced,secondary,no,-976,yes,yes,cellular,13,may,101,1,-1,0,unknown
750770,47,services,divorced,secondary,no,0,no,no,unknown,4,jun,67,2,-1,0,unknown
750771,37,admin.,married,secondary,no,29,no,yes,cellular,7,jul,166,2,-1,0,unknown
750772,35,management,single,tertiary,no,4655,no,no,cellular,29,jul,114,2,-1,0,unknown
750773,28,admin.,single,secondary,no,3188,yes,no,unknown,19,may,464,3,-1,0,unknown
750774,37,management,married,tertiary,no,572,yes,no,cellular,19,nov,591,4,-1,0,unknown
750775,38,admin.,married,secondary,no,-35,no,no,cellular,31,jul,70,3,-1,0,unknown
750776,58,retired,married,secondary,no,949,no,no,cellular,14,aug,515,2,-1,0,unknown
750777,36,blue-collar,divorced,primary,no,38,yes,no,cellular,18,nov,651,2,-1,0,unknown
750778,28,services,single,secondary,no,739,no,no,cellular,25,may,271,1,-1,0,unknown
750779,42,admin.,divorced,secondary,no,1012,yes,no,cellular,3,feb,175,1,92,6,failure
750780,35,services,married,secondary,no,810,yes,no,unknown,3,jun,211,2,-1,0,unknown
750781,37,admin.,married,secondary,no,1377,no,no,cellular,3,jun,1148,2,-1,0,unknown
750782,30,management,single,tertiary,no,-617,yes,yes,unknown,16,jun,1192,2,-1,0,unknown
750783,50,blue-collar,married,secondary,no,2620,yes,no,unknown,30,may,462,2,-1,0,unknown
750784,33,admin.,married,secondary,no,-306,yes,yes,unknown,2,jun,129,1,-1,0,unknown
750785,60,retired,married,primary,no,0,no,no,unknown,18,jun,150,2,-1,0,unknown
750786,56,retired,married,secondary,no,2557,no,no,cellular,15,jul,781,3,-1,0,unknown
750787,26,management,married,secondary,no,2,yes,no,cellular,13,may,104,5,-1,0,unknown
750788,34,management,married,tertiary,no,0,no,no,cellular,28,aug,16,17,-1,0,unknown
750789,56,management,married,primary,no,699,yes,no,unknown,29,may,145,1,-1,0,unknown
750790,47,blue-collar,married,primary,no,568,yes,no,unknown,28,may,104,3,-1,0,unknown
750791,39,blue-collar,single,primary,no,1190,no,no,unknown,11,jun,101,5,-1,0,unknown
750792,52,blue-collar,married,secondary,no,690,yes,no,unknown,14,may,154,1,-1,0,unknown
750793,29,admin.,married,tertiary,no,0,yes,no,cellular,29,jul,82,4,-1,0,unknown
750794,26,blue-collar,single,secondary,no,362,no,yes,cellular,5,feb,594,1,-1,0,unknown
750795,49,management,married,tertiary,no,0,no,no,cellular,29,aug,72,5,-1,0,unknown
750796,36,blue-collar,married,secondary,no,1010,yes,no,cellular,7,may,113,3,169,2,other
750797,31,management,single,secondary,no,2294,yes,no,cellular,26,may,483,1,-1,0,unknown
750798,61,management,married,tertiary,no,10861,no,no,cellular,21,oct,796,3,184,1,failure
750799,52,admin.,married,secondary,no,3784,no,no,cellular,28,jul,597,3,-1,0,unknown
750800,49,blue-collar,married,secondary,no,1526,yes,no,unknown,12,may,179,2,-1,0,unknown
750801,32,blue-collar,single,secondary,no,25,yes,no,unknown,19,may,185,2,-1,0,unknown
750802,37,admin.,divorced,secondary,no,0,no,no,unknown,9,jun,114,1,-1,0,unknown
750803,27,blue-collar,single,secondary,no,-447,yes,no,cellular,17,apr,85,6,-1,0,unknown
750804,59,management,divorced,tertiary,no,1388,yes,yes,cellular,7,sep,495,1,97,5,other
750805,39,blue-collar,married,secondary,no,26,yes,no,cellular,11,may,173,1,-1,0,unknown
750806,52,management,divorced,tertiary,no,744,no,yes,cellular,14,jan,127,2,-1,0,unknown
750807,31,blue-collar,single,secondary,no,-35,no,yes,cellular,21,jul,114,3,-1,0,unknown
750808,38,technician,married,tertiary,no,1333,yes,no,cellular,6,may,65,4,355,1,other
750809,63,retired,married,secondary,no,2557,no,no,telephone,24,apr,390,3,185,1,success
750810,56,blue-collar,married,secondary,no,878,yes,no,unknown,15,may,108,2,-1,0,unknown
750811,45,technician,married,secondary,no,2408,no,no,cellular,30,apr,537,1,-1,0,unknown
750812,44,blue-collar,married,secondary,no,-98,yes,yes,cellular,12,may,147,1,-1,0,unknown
750813,45,blue-collar,married,primary,no,18,no,no,unknown,19,jun,193,1,-1,0,unknown
750814,34,retired,married,secondary,no,568,no,no,cellular,15,jun,860,1,-1,0,unknown
750815,49,services,divorced,secondary,no,-97,yes,no,unknown,7,may,123,4,-1,0,unknown
750816,74,retired,married,primary,no,509,no,no,unknown,12,oct,229,1,-1,0,unknown
750817,36,management,single,tertiary,no,0,yes,no,cellular,14,aug,119,2,-1,0,unknown
750818,50,services,married,secondary,no,1167,yes,no,unknown,12,may,49,7,-1,0,unknown
750819,33,management,single,tertiary,no,12704,yes,no,cellular,21,nov,246,2,-1,0,unknown
750820,45,blue-collar,married,secondary,no,4343,yes,yes,unknown,4,jun,123,1,-1,0,unknown
750821,35,blue-collar,married,primary,no,737,yes,yes,unknown,6,may,565,1,-1,0,unknown
750822,36,self-employed,married,secondary,no,663,yes,no,telephone,20,apr,163,2,-1,0,unknown
750823,35,blue-collar,single,secondary,no,1255,yes,no,cellular,6,may,175,1,168,2,other
750824,49,services,single,tertiary,yes,-168,yes,no,cellular,23,jul,397,1,-1,0,unknown
750825,30,blue-collar,married,primary,no,-518,yes,yes,cellular,14,may,244,6,-1,0,unknown
750826,43,management,divorced,tertiary,no,884,yes,no,cellular,28,aug,110,8,-1,0,unknown
750827,30,technician,married,tertiary,no,1434,no,no,unknown,3,jun,166,1,-1,0,unknown
750828,33,technician,married,tertiary,no,1081,yes,no,cellular,23,jul,1374,15,-1,0,unknown
750829,23,student,single,tertiary,no,648,no,no,cellular,27,aug,761,2,-1,0,unknown
750830,31,admin.,divorced,secondary,no,823,yes,yes,cellular,8,may,127,1,-1,0,unknown
750831,52,blue-collar,married,primary,no,1721,no,no,telephone,28,jan,83,3,-1,0,unknown
750832,32,management,single,tertiary,no,471,yes,no,unknown,23,may,161,2,-1,0,unknown
750833,26,management,married,primary,no,265,yes,no,cellular,28,jan,795,1,-1,0,unknown
750834,42,technician,single,tertiary,no,1022,yes,no,unknown,8,may,154,2,-1,0,unknown
750835,33,technician,married,secondary,no,710,no,no,cellular,8,aug,385,3,-1,0,unknown
750836,57,housemaid,married,primary,no,906,no,no,cellular,28,jan,166,3,-1,0,unknown
750837,30,management,married,tertiary,no,38,no,no,cellular,20,aug,5,2,-1,0,unknown
750838,60,housemaid,married,secondary,no,1467,no,no,unknown,27,jun,77,2,-1,0,unknown
750839,36,unemployed,married,secondary,no,5,no,no,cellular,11,aug,108,7,-1,0,unknown
750840,46,management,married,tertiary,no,718,no,no,cellular,4,aug,108,1,-1,0,unknown
750841,29,management,single,tertiary,no,5,no,no,cellular,2,feb,119,1,-1,0,unknown
750842,43,management,divorced,tertiary,no,0,yes,no,unknown,16,may,84,4,-1,0,unknown
750843,49,unemployed,divorced,secondary,no,1376,no,no,cellular,30,jul,917,4,-1,0,unknown
750844,43,self-employed,married,tertiary,no,804,yes,no,unknown,3,jun,984,1,-1,0,unknown
750845,39,blue-collar,married,secondary,no,149,yes,no,unknown,29,may,632,2,-1,0,unknown
750846,29,technician,single,secondary,no,697,no,no,cellular,2,feb,910,2,-1,0,unknown
750847,45,entrepreneur,married,primary,no,4674,yes,no,cellular,11,nov,90,2,-1,0,unknown
750848,32,entrepreneur,married,tertiary,no,1265,yes,no,cellular,17,apr,74,1,-1,0,unknown
750849,34,technician,single,tertiary,no,991,no,no,cellular,28,aug,99,12,-1,0,unknown
750850,37,management,single,tertiary,no,6,no,no,cellular,28,jan,89,1,196,1,failure
750851,30,blue-collar,married,secondary,no,565,yes,yes,cellular,20,apr,193,3,-1,0,unknown
750852,52,blue-collar,married,primary,no,602,yes,yes,unknown,16,may,145,1,-1,0,unknown
750853,45,admin.,married,secondary,no,2859,yes,no,cellular,13,aug,105,2,-1,0,unknown
750854,58,retired,married,tertiary,no,0,no,no,cellular,22,aug,138,2,-1,0,unknown
750855,39,blue-collar,married,primary,no,13354,yes,no,cellular,20,apr,6,5,-1,0,unknown
750856,34,technician,divorced,secondary,no,0,yes,no,cellular,14,jul,102,3,-1,0,unknown
750857,31,management,married,tertiary,no,1029,yes,yes,cellular,30,jan,462,1,237,1,other
750858,21,blue-collar,married,secondary,no,694,yes,no,unknown,26,may,81,1,-1,0,unknown
750859,59,retired,married,secondary,no,966,no,no,cellular,12,aug,45,2,-1,0,unknown
750860,53,management,divorced,tertiary,no,883,no,no,cellular,19,aug,437,5,-1,0,unknown
750861,47,unemployed,married,secondary,no,957,no,no,cellular,28,jan,872,1,-1,0,unknown
750862,32,technician,single,secondary,no,18777,yes,no,cellular,3,feb,855,1,264,2,failure
750863,33,blue-collar,married,secondary,no,604,yes,no,unknown,8,may,306,2,-1,0,unknown
750864,38,services,married,secondary,no,0,no,no,cellular,31,jul,78,2,-1,0,unknown
750865,35,services,married,secondary,no,877,no,no,cellular,19,nov,90,1,-1,0,unknown
750866,35,technician,married,tertiary,no,0,no,no,cellular,27,aug,121,5,-1,0,unknown
750867,40,admin.,divorced,secondary,no,611,yes,yes,cellular,7,may,589,2,-1,0,unknown
750868,44,management,married,tertiary,no,1048,no,yes,cellular,22,jul,111,1,-1,0,unknown
750869,31,technician,single,tertiary,no,0,yes,no,cellular,7,aug,106,1,98,2,success
750870,53,blue-collar,married,secondary,no,643,yes,no,cellular,11,may,8,5,363,1,failure
750871,52,blue-collar,married,primary,yes,-11,yes,no,unknown,9,may,134,4,-1,0,unknown
750872,25,blue-collar,single,secondary,no,397,yes,no,unknown,13,may,522,1,-1,0,unknown
750873,47,admin.,married,secondary,no,8,no,no,cellular,26,aug,106,7,-1,0,unknown
750874,53,management,married,tertiary,no,862,yes,no,unknown,16,may,507,3,-1,0,unknown
750875,30,services,married,secondary,no,431,yes,no,cellular,30,apr,266,2,-1,0,unknown
750876,38,technician,married,secondary,no,0,yes,no,cellular,17,apr,240,1,-1,0,unknown
750877,50,admin.,married,secondary,no,5057,yes,no,cellular,12,aug,67,3,-1,0,unknown
750878,32,services,married,secondary,no,879,yes,no,cellular,21,nov,7,6,-1,0,unknown
750879,56,admin.,married,secondary,no,0,no,no,cellular,26,aug,135,1,104,2,failure
750880,51,technician,divorced,secondary,no,1808,no,yes,cellular,8,jul,771,3,-1,0,unknown
750881,38,blue-collar,divorced,secondary,no,726,yes,no,cellular,5,may,125,2,167,2,failure
750882,31,management,married,tertiary,no,1570,no,no,cellular,28,aug,9,14,-1,0,unknown
750883,52,blue-collar,married,primary,no,35,no,no,cellular,22,aug,513,2,-1,0,unknown
750884,51,services,single,secondary,no,967,no,yes,telephone,19,nov,618,1,-1,0,unknown
750885,33,management,married,tertiary,no,581,no,no,cellular,5,feb,102,1,-1,0,unknown
750886,38,admin.,single,secondary,no,1064,yes,no,cellular,7,jul,984,1,-1,0,unknown
750887,48,technician,divorced,primary,no,759,yes,no,unknown,14,may,177,2,-1,0,unknown
750888,58,management,married,tertiary,no,0,no,no,unknown,3,jun,393,2,-1,0,unknown
750889,30,admin.,single,secondary,no,1027,no,no,cellular,29,jan,125,1,-1,0,unknown
750890,41,technician,married,secondary,no,523,yes,no,cellular,27,may,76,3,309,2,failure
750891,34,services,single,secondary,no,603,yes,no,unknown,18,jun,70,12,-1,0,unknown
750892,42,technician,married,secondary,no,557,no,no,cellular,31,jul,646,3,-1,0,unknown
750893,35,management,divorced,tertiary,yes,0,no,no,cellular,11,aug,73,2,-1,0,unknown
750894,37,entrepreneur,married,tertiary,no,0,yes,yes,cellular,9,jul,96,1,-1,0,unknown
750895,32,blue-collar,married,secondary,no,17672,yes,no,cellular,20,nov,548,1,-1,0,unknown
750896,51,blue-collar,married,secondary,no,892,yes,yes,unknown,20,may,514,1,-1,0,unknown
750897,26,technician,single,secondary,no,439,no,no,cellular,22,apr,498,1,-1,0,unknown
750898,49,self-employed,married,secondary,no,2262,no,no,cellular,30,jul,87,8,-1,0,unknown
750899,49,management,single,tertiary,no,596,yes,yes,cellular,2,feb,102,1,-1,0,unknown
750900,47,technician,married,tertiary,no,51,no,no,cellular,6,aug,1488,4,-1,0,unknown
750901,32,management,single,tertiary,no,23494,yes,no,telephone,17,nov,6,2,-1,0,unknown
750902,41,blue-collar,married,primary,no,462,yes,no,unknown,15,may,48,1,-1,0,unknown
750903,49,management,married,tertiary,no,507,no,no,cellular,17,apr,528,1,-1,0,unknown
750904,32,management,married,tertiary,no,0,yes,no,telephone,22,jul,37,5,-1,0,unknown
750905,32,management,single,tertiary,no,658,yes,no,cellular,31,mar,107,4,-1,0,unknown
750906,36,blue-collar,married,secondary,no,714,yes,yes,cellular,16,apr,565,1,-1,0,unknown
750907,38,management,married,tertiary,no,564,yes,no,unknown,29,may,140,2,-1,0,unknown
750908,35,admin.,married,secondary,no,1390,yes,no,cellular,25,jul,80,4,-1,0,unknown
750909,56,management,married,tertiary,no,1852,no,no,cellular,10,jul,693,1,-1,0,unknown
750910,48,housemaid,married,primary,no,1042,no,no,unknown,9,jun,422,4,-1,0,unknown
750911,54,technician,married,secondary,no,523,no,yes,cellular,8,aug,95,2,-1,0,unknown
750912,45,admin.,married,secondary,no,1234,no,no,unknown,20,jun,10,4,-1,0,unknown
750913,35,management,single,unknown,no,1103,yes,no,unknown,6,jun,1239,5,-1,0,unknown
750914,39,blue-collar,married,secondary,no,532,yes,no,telephone,9,jul,49,1,-1,0,unknown
750915,34,management,single,tertiary,no,0,no,no,cellular,28,aug,101,10,-1,0,unknown
750916,42,management,married,tertiary,no,616,no,no,unknown,12,jun,686,2,-1,0,unknown
750917,43,technician,married,secondary,no,33,yes,no,unknown,27,may,82,2,-1,0,unknown
750918,60,management,married,tertiary,no,3401,no,no,cellular,2,jun,97,1,385,1,failure
750919,31,blue-collar,married,primary,no,1174,yes,no,cellular,21,nov,508,1,-1,0,unknown
750920,41,unknown,married,secondary,no,1316,no,no,cellular,6,aug,113,2,-1,0,unknown
750921,29,technician,single,secondary,no,-15,no,no,cellular,31,jul,136,4,-1,0,unknown
750922,50,unemployed,married,secondary,no,5164,yes,no,unknown,2,jun,117,3,-1,0,unknown
750923,47,self-employed,divorced,tertiary,no,1456,no,no,unknown,12,jun,69,2,-1,0,unknown
750924,34,management,married,tertiary,no,456,yes,no,cellular,19,aug,119,4,-1,0,unknown
750925,57,blue-collar,married,secondary,no,1480,yes,no,unknown,20,jun,16,5,-1,0,unknown
750926,45,admin.,divorced,secondary,no,-249,yes,no,cellular,11,jul,92,2,-1,0,unknown
750927,52,management,married,tertiary,no,563,no,yes,cellular,2,feb,88,1,-1,0,unknown
750928,31,technician,married,secondary,yes,-172,no,yes,cellular,18,nov,89,2,-1,0,unknown
750929,24,blue-collar,single,secondary,no,944,yes,no,cellular,18,feb,472,2,92,1,success
750930,30,technician,single,secondary,no,2196,no,no,cellular,30,jan,479,2,-1,0,unknown
750931,51,technician,married,primary,no,853,yes,no,cellular,2,feb,142,2,-1,0,unknown
750932,41,management,married,tertiary,no,728,no,no,cellular,30,apr,447,1,-1,0,unknown
750933,53,services,married,secondary,no,-867,yes,no,unknown,27,may,162,3,-1,0,unknown
750934,40,management,married,tertiary,no,5956,yes,no,cellular,21,jul,551,4,-1,0,unknown
750935,36,self-employed,divorced,tertiary,no,4861,no,no,unknown,9,jun,133,1,-1,0,unknown
750936,36,management,married,tertiary,no,7,yes,yes,cellular,9,feb,18,8,-1,0,unknown
750937,37,management,married,tertiary,no,2693,yes,no,unknown,21,may,393,1,-1,0,unknown
750938,46,blue-collar,married,primary,no,1203,yes,no,cellular,7,apr,514,1,-1,0,unknown
750939,34,services,single,secondary,no,-185,no,no,cellular,8,jul,191,1,-1,0,unknown
750940,39,blue-collar,married,primary,no,43,yes,no,unknown,30,may,489,2,-1,0,unknown
750941,48,services,married,secondary,no,0,yes,no,cellular,19,nov,198,1,-1,0,unknown
750942,51,retired,divorced,tertiary,no,1,no,yes,cellular,28,jul,535,3,-1,0,unknown
750943,36,admin.,divorced,secondary,yes,-107,yes,no,cellular,6,may,108,2,345,1,failure
750944,30,services,single,secondary,no,983,yes,no,unknown,27,may,135,1,-1,0,unknown
750945,56,retired,married,secondary,no,1046,no,no,cellular,27,aug,73,7,-1,0,unknown
750946,54,admin.,single,secondary,no,1299,no,yes,cellular,16,jul,104,2,-1,0,unknown
750947,33,blue-collar,married,primary,no,2598,no,no,cellular,21,nov,116,1,-1,0,unknown
750948,31,admin.,single,tertiary,no,471,yes,yes,unknown,23,may,185,1,-1,0,unknown
750949,48,blue-collar,married,primary,no,1558,yes,no,cellular,4,feb,87,1,-1,0,unknown
750950,28,student,single,secondary,no,2540,no,no,cellular,15,may,157,2,-1,0,unknown
750951,34,services,single,secondary,no,-158,yes,no,cellular,2,feb,147,1,-1,0,unknown
750952,48,blue-collar,married,secondary,yes,29,yes,no,unknown,11,jun,863,10,-1,0,unknown
750953,48,management,married,unknown,no,602,no,no,unknown,17,jun,87,2,-1,0,unknown
750954,33,technician,married,tertiary,no,1059,no,no,cellular,13,aug,99,2,-1,0,unknown
750955,54,management,married,tertiary,no,8304,no,no,cellular,8,aug,105,2,-1,0,unknown
750956,42,management,married,tertiary,no,-70,yes,no,unknown,2,jun,95,1,-1,0,unknown
750957,35,blue-collar,married,secondary,no,790,yes,no,cellular,20,apr,633,3,-1,0,unknown
750958,44,services,married,secondary,no,23,yes,no,unknown,15,may,160,2,-1,0,unknown
750959,54,blue-collar,married,secondary,no,854,no,yes,unknown,11,jun,1117,1,-1,0,unknown
750960,35,management,single,tertiary,no,50,no,no,cellular,7,may,76,2,-1,0,unknown
750961,58,retired,married,tertiary,no,1336,no,no,unknown,5,jun,579,3,-1,0,unknown
750962,58,management,married,tertiary,no,0,no,no,cellular,19,aug,105,4,-1,0,unknown
750963,32,technician,married,tertiary,no,3820,no,no,cellular,2,mar,101,1,-1,0,unknown
750964,48,technician,divorced,secondary,no,635,no,no,unknown,18,jun,7,1,-1,0,unknown
750965,34,blue-collar,single,primary,no,61,yes,no,unknown,5,may,708,5,-1,0,unknown
750966,35,blue-collar,married,primary,no,804,no,no,unknown,9,jun,937,1,-1,0,unknown
750967,34,management,single,tertiary,no,431,no,no,telephone,21,oct,767,2,95,3,success
750968,36,management,married,tertiary,no,2835,yes,no,cellular,19,nov,136,1,-1,0,unknown
750969,45,technician,married,secondary,no,0,no,no,cellular,29,jan,132,1,-1,0,unknown
750970,41,management,married,tertiary,no,3382,yes,no,cellular,29,jan,767,1,-1,0,unknown
750971,31,management,married,tertiary,no,597,no,no,telephone,28,aug,30,18,-1,0,unknown
750972,38,technician,married,secondary,no,557,yes,yes,unknown,3,jun,1012,1,-1,0,unknown
750973,43,technician,married,secondary,no,863,no,yes,telephone,28,aug,8,13,-1,0,unknown
750974,60,blue-collar,married,secondary,no,949,yes,no,unknown,15,may,639,2,-1,0,unknown
750975,48,management,married,tertiary,no,0,no,no,cellular,11,sep,327,1,-1,0,unknown
750976,26,admin.,single,secondary,no,-246,no,yes,cellular,29,jan,526,1,196,1,failure
750977,37,technician,married,secondary,no,782,yes,no,unknown,5,may,126,1,-1,0,unknown
750978,31,blue-collar,married,secondary,no,1096,yes,yes,cellular,6,may,459,1,344,1,failure
750979,35,technician,divorced,secondary,no,1498,yes,yes,cellular,7,may,603,2,-1,0,unknown
750980,52,technician,married,secondary,no,-3,no,yes,cellular,29,aug,102,2,-1,0,unknown
750981,41,technician,divorced,secondary,no,459,no,no,cellular,19,nov,68,1,-1,0,unknown
750982,39,blue-collar,married,secondary,no,-112,no,no,unknown,18,jun,394,2,-1,0,unknown
750983,30,management,married,tertiary,no,498,no,no,cellular,19,nov,132,1,-1,0,unknown
750984,40,admin.,married,secondary,no,-152,no,no,unknown,6,jun,100,5,-1,0,unknown
750985,42,blue-collar,married,secondary,no,1261,yes,no,unknown,8,may,74,2,-1,0,unknown
750986,39,blue-collar,married,primary,no,765,yes,no,unknown,11,jun,73,2,-1,0,unknown
750987,32,blue-collar,married,secondary,no,3173,no,no,cellular,20,nov,124,2,178,1,other
750988,48,blue-collar,married,primary,no,1037,no,no,cellular,22,aug,249,4,-1,0,unknown
750989,36,services,divorced,unknown,no,795,yes,no,unknown,29,may,193,4,-1,0,unknown
750990,37,management,married,tertiary,no,2489,yes,no,cellular,21,oct,563,1,-1,0,unknown
750991,53,blue-collar,divorced,primary,no,4401,no,no,cellular,24,sep,251,4,92,4,success
750992,54,management,married,tertiary,no,0,yes,no,cellular,17,nov,108,1,-1,0,unknown
750993,44,blue-collar,married,primary,no,4039,no,no,telephone,4,may,62,1,176,2,failure
750994,35,technician,divorced,secondary,no,854,no,no,cellular,13,aug,595,5,-1,0,unknown
750995,65,retired,married,tertiary,no,3743,no,no,cellular,12,feb,469,1,185,2,success
750996,36,management,married,secondary,no,1005,no,no,unknown,9,jun,93,2,-1,0,unknown
750997,33,management,married,tertiary,no,924,yes,no,unknown,29,may,882,4,-1,0,unknown
750998,30,management,married,tertiary,no,34,no,no,unknown,4,jul,596,2,-1,0,unknown
750999,38,admin.,single,primary,no,1123,yes,no,unknown,12,may,166,2,-1,0,unknown
751000,52,technician,married,secondary,no,4,no,no,unknown,17,jun,97,1,-1,0,unknown
751001,68,retired,single,tertiary,no,1443,no,no,cellular,18,feb,225,1,-1,0,unknown
751002,45,technician,divorced,secondary,no,1738,no,yes,cellular,17,nov,108,1,-1,0,unknown
751003,50,technician,married,tertiary,no,46,no,no,cellular,25,aug,103,6,-1,0,unknown
751004,31,blue-collar,married,unknown,no,-11,yes,no,cellular,31,jul,10,33,-1,0,unknown
751005,47,admin.,married,secondary,no,1230,no,no,cellular,11,aug,90,5,-1,0,unknown
751006,52,services,married,secondary,no,891,no,no,cellular,28,jul,270,1,-1,0,unknown
751007,59,entrepreneur,married,tertiary,no,-898,yes,no,cellular,28,jan,99,1,-1,0,unknown
